text:Catfishes (freshwater)	sent:0	catfishes (freshwater)	[catfish|NP][freshwater|NP][catfishes|NP]
text:Dried pork meat	sent:0	dried pork meat	[meat|NP][dried|VP][dry|VP][pork meat|NP]
text:Fishes not identified	sent:0	fishes not identified	[identify|VP][fishes|NP][identified|VP]
text:Groupers (generic)	sent:0	groupers (generic)	[groupers|NP][generic|ADJP][grouper|NP]
text:Not classified pork meat	sent:0	not classified pork meat	[meat|NP][pork meat|NP][pork|NP]
text:Pangas catfishes (generic)	sent:0	pangas catfishes (generic)	[catfish|NP][generic|ADJP][pangas|VP][catfishes|NP]
text:Precooked cooked pork meat products	sent:0	precooked cooked pork meat products	[cook|ADJP][product|NP][cooked|ADJP][products|NP][meat|NP][pork|NP]
text:Torpedo-shaped catfishes (generic)	sent:0	torpedo-shaped catfishes (generic)	[catfishes|NP][generic|ADJP][catfish|NP]
text:Veggie Burger	sent:0	veggie burger	[burger|NP][veggie|ADJP][veggie burger|NP]
text:adobo seasoning	sent:0	adobo seasoning	[adobo|ADJP]
text:after dinner mints	sent:0	after dinner mints	[mints|NP][dinner|NP][mint|NP]
text:alcoholic beverages	sent:0	alcoholic beverages	[beverage|NP][alcoholic beverages|NP][alcoholic|ADJP][alcoholic beverage|NP][beverages|NP]
text:alfalfa sprouts	sent:0	alfalfa sprouts	[sprouts|NP][alfalfa|NP][sprout|NP]
text:all purpose seasoning	sent:0	all purpose seasoning	[purpose|NP]
text:allspice	sent:0	allspice	[allspice|NP]
text:almond kernels	sent:0	almond kernels	[almond|ADJP][kernel|NP][kernels|NP]
text:almond milk	sent:0	almond milk	[almond|ADJP][milk|NP][almond milk|NP]
text:almond powder	sent:0	almond powder	[almond|ADJP][powder|NP][almond powder|NP]
text:almond products	sent:0	almond products	[almond|ADJP][products|NP][product|NP]
text:almonds	sent:0	almonds	[almonds|NP][almond|NP]
text:amaranth	sent:0	amaranth	[amaranth|VP]
text:anchovies in oil	sent:0	anchovies in oil	[oil|NP][anchovy|NP][anchovies|NP]
text:anchovy paste	sent:0	anchovy paste	[paste|VP]
text:angus beef	sent:0	angus beef	[angus|ADJP][beef|NP]
text:animal by-products	sent:0	animal by-products	[animal|NP]
text:appetizers	sent:0	appetizers	[appetizers|NP][appetizer|NP]
text:apple cake	sent:0	apple cake	[apple cake|NP][apple cake|NP][apple|NP][cake|NP]
text:apple juice	sent:0	apple juice	[juice|NP][apple juice|NP][apple|NP][apple juice|NP]
text:apples	sent:0	apples	[apple|NP][apples|NP]
text:apricot kernels	sent:0	apricot kernels	[kernel|NP][apricot|ADJP][kernels|NP]
text:apricots	sent:0	apricots	[apricot|NP][apricots|NP]
text:assorted bread roll selection	sent:0	assorted bread roll selection	[bread|NP][assorted|ADJP][roll|NP][selection|NP]
text:assortment of filled chocolates	sent:0	assortment of filled chocolates	[assortment|NP][chocolate|NP][filled|ADJP][fill|ADJP][chocolates|NP]
text:baby food pouches	sent:0	baby food pouches	[pouch|NP][food|NP][pouches|NP][baby|ADJP]
text:baby food	sent:0	baby food	[food baby|NP][baby food|NP][baby food|NP][food baby|NP][food|NP][baby|NP]
text:baby foods	sent:0	baby foods	[baby foods|NP][baby food|NP][foods|NP][baby food|NP][baby foods|NP][baby|NP]
text:baby spinach	sent:0	baby spinach	[spinach|NP][baby|NP]
text:bagels	sent:0	bagels	[bagel|NP][bagels|NP]
text:baguettes	sent:0	baguettes	[baguette|NP][baguettes|NP]
text:bakery products	sent:0	bakery products	[products|NP][bakery|NP][product|NP]
text:baking mix	sent:0	baking mix	[mix|NP][baking mix|NP][baking|ADJP]
text:baklava	sent:0	baklava	[baklava|NP]
text:balsamic	sent:0	balsamic	[balsamic|ADJP]
text:bamboo shoots	sent:0	bamboo shoots	[bamboo shoot|NP][shoots|NP][bamboo|ADJP][bamboo shoots|NP][shoot|NP]
text:bamboo	sent:0	bamboo	[bamboo|NP]
text:bananas	sent:0	bananas	[bananas|NP]
text:barbecue sauce	sent:0	barbecue sauce	[sauce|NP][barbecue sauce|NP][barbecue|NP][barbecue sauce|NP]
text:bars	sent:0	bars	[bar|NP][bars|NP]
text:basil pesto sauce	sent:0	basil pesto sauce	[basil|VP][pesto sauce|NP][pesto|NP][pesto sauce|NP][sauce|NP]
text:basil	sent:0	basil	[basil|NP]
text:batter mix	sent:0	batter mix	[mix|NP][batter|VP][mix batter|VP]
text:bean paste	sent:0	bean paste	[paste|NP][bean|NP]
text:bean sauce	sent:0	bean sauce	[sauce|NP][bean|NP]
text:bean snack	sent:0	bean snack	[snack|NP][bean|NP]
text:bean sprouts	sent:0	bean sprouts	[bean sprouts|NP][bean sprout|NP][sprouts|NP][sprout|NP][bean sprout|NP][bean|NP][bean sprouts|NP]
text:beans	sent:0	beans	[bean|NP][beans|NP]
text:beef burrito	sent:0	beef burrito	[beef burrito|NP][beef|NP][beef burrito|NP][burrito|NP]
text:beef meat	sent:0	beef meat	[beef|NP][meat|NP]
text:beef products	sent:0	beef products	[beef products|NP][product|NP][beef products|NP][products|NP][beef|NP]
text:beef stewed	sent:0	beef stewed	[beef|NP][stewed|VP][stew|VP]
text:beef tallow	sent:0	beef tallow	[tallow|NP][beef tallow|NP][beef|NP][beef tallow|NP]
text:beef tenderloin cuts	sent:0	beef tenderloin cuts	[cuts|NP][beef|VP][tenderloin|NP][cut|NP]
text:beef tongue	sent:0	beef tongue	[tongue|NP][beef tongue|NP][beef tongue|NP][beef|NP]
text:beef trimmings	sent:0	beef trimmings	[beef|NP][trimmings|NP]
text:beef	sent:0	beef	[beef|NP]
text:beer	sent:0	beer	[beer|NP]
text:beetroots	sent:0	beetroots	[beetroot|NP][beetroots|NP]
text:beverage base of non-fruit origin, liquid	sent:0	beverage base of non-fruit origin, liquid	[liquid|NP][base|NP][origin|NP][beverage|NP]
text:beverage	sent:0	beverage	[beverage|NP]
text:bilberry extract used in a food supplement	sent:0	bilberry extract used in a food supplement	[food supplement|NP][use|VP][used in|VP][used|VP][use in|VP][food|NP][supplement|NP][extract|VP]
text:biscuit mix	sent:0	biscuit mix	[mix|NP][biscuit|NP]
text:biscuits	sent:0	biscuits	[biscuit|NP][biscuits|NP]
text:bitter apricot kernels	sent:0	bitter apricot kernels	[kernel|NP][apricot|NP][kernels|NP]
text:black caviar	sent:0	black caviar	[caviar|NP][black|ADJP][black caviar|NP]
text:black pepper	sent:0	black pepper	[black|ADJP][black pepper|NP][pepper|NP]
text:blackberries	sent:0	blackberries	[blackberries|NP][blackberry|NP]
text:blackcurrant drink concentrate	sent:0	blackcurrant drink concentrate	[blackcurrant|NP][drink|NP][concentrate|VP]
text:bloody mary beverage mix	sent:0	bloody mary beverage mix	[bloody|ADJP][mix|NP][mary|NP][beverage|NP]
text:blue cheese	sent:0	blue cheese	[blue|ADJP][cheese|NP][blue cheese|NP]
text:blue poppy seeds	sent:0	blue poppy seeds	[seed|NP][poppy|NP][poppy seeds|NP][poppy seed|NP][blue|ADJP][seeds|NP]
text:blueberries	sent:0	blueberries	[blueberry|NP][blueberries|NP]
text:boar	sent:0	boar	[boar|NP]
text:boletus mushrooms, stems and pieces	sent:0	boletus mushrooms, stems and pieces	[mushrooms|NP][piece|NP][pieces|NP][mushroom|NP]
text:bolognese sauce	sent:0	bolognese sauce	[bolognese sauce|NP][sauce|NP][bolognese|ADJP]
text:boneless beef	sent:0	boneless beef	[beef|NP][boneless|ADJP]
text:bottled mineral water	sent:0	bottled mineral water	[mineral water|NP][bottled|ADJP][mineral|NP][water|NP]
text:bottled water	sent:0	bottled water	[bottled|ADJP][water|NP][bottled water|NP]
text:bovine fat	sent:0	bovine fat	[fat|ADJP][bovine|ADJP]
text:bovine meat and offal	sent:0	bovine meat and offal	[meat|NP][bovine meat|NP][offal|ADJP][bovine|ADJP]
text:brazil nuts	sent:0	brazil nuts	[nuts|NP][brazil nuts|NP][brazil|ADJP]
text:bread and products therefor	sent:0	bread and products therefor	[therefor|NP][products|NP][product|NP][bread|NP]
text:bread crumb	sent:0	bread crumb	[bread crumb|NP][bread|NP][bread crumb|NP][crumb|NP]
text:bread mix	sent:0	bread mix	[mix|NP][bread|NP]
text:bread	sent:0	bread	[bread|NP]
text:breakfast cereals and products therefor	sent:0	breakfast cereals and products therefor	[cereals|NP][breakfast cereal|NP][therefor|VP][cereal|NP][product|NP][breakfast|NP][products|NP][breakfast cereals|NP]
text:breakfast cereals for babies	sent:0	breakfast cereals for babies	[cereals|NP][babies|NP][breakfast cereal|NP][baby|NP][cereal|NP][breakfast|NP][breakfast cereals|NP][breakfast cereal|NP][breakfast cereals|NP]
text:breakfast cereals	sent:0	breakfast cereals	[cereals|NP][breakfast cereal|NP][cereal|NP][breakfast|NP][breakfast cereals|NP][breakfast cereal|NP][breakfast cereals|NP]
text:brewer's yeast	sent:0	brewer's yeast	[yeast|NP][brewer|NP]
text:brie cheese	sent:0	brie cheese	[brie cheese|NP][brie cheese|NP][cheese|NP][brie|NP]
text:brioche	sent:0	brioche	[brioche|NP]
text:broccoli mix	sent:0	broccoli mix	[mix|NP][broccoli|NP]
text:broccoli	sent:0	broccoli	[broccoli|NP]
text:broths	sent:0	broths	[broth|NP][broths|NP]
text:brown beans	sent:0	brown beans	[beans|NP][bean|NP][brown|ADJP]
text:brown mushrooms	sent:0	brown mushrooms	[mushrooms|NP][mushroom|NP][brown|ADJP]
text:brown rice	sent:0	brown rice	[brown|ADJP][rice|NP][brown rice|NP]
text:brownies	sent:0	brownies	[brownie|NP][brownies|NP]
text:brussel sprouts	sent:0	brussel sprouts	[sprouts|NP][brussel sprouts|NP][sprout|NP]
text:buffalo milk mozzarella cheese	sent:0	buffalo milk mozzarella cheese	[buffalo|ADJP][milk|NP][mozzarella|NP][cheese|NP]
text:buns	sent:0	buns	[bun|NP][buns|NP]
text:burrata	sent:0	burrata	[burrata|NP]
text:burrito (ready to eat)	sent:0	burrito (ready to eat)	[ready|ADJP][burrito|NP][eat|NP][ready to eat|ADJP]
text:butter	sent:0	butter	[butter|NP]
text:cabbage	sent:0	cabbage	[cabbage|NP]
text:cake decoration	sent:0	cake decoration	[decoration cake|NP][decoration cake|NP][decoration|NP][cake|NP]
text:cakes	sent:0	cakes	[cakes|NP][cake|NP]
text:camembert	sent:0	camembert	[camembert|NP]
text:candies	sent:0	candies	[candy|NP][candies|NP]
text:canned artichoke hearts	sent:0	canned artichoke hearts	[heart's|NP][hearts|NP][artichoke hearts|NP][artichoke|NP][heart|NP]
text:canned black beans	sent:0	canned black beans	[black|ADJP][black beans|NP][beans|NP][bean|NP][black bean|NP]
text:canned chicken	sent:0	canned chicken	[chicken|NP]
text:canned corn	sent:0	canned corn	[corn|NP]
text:canned crab meat in brine	sent:0	canned crab meat in brine	[crab meat|NP][brine|NP][crab|NP][meat|NP]
text:canned fish products	sent:0	canned fish products	[fish|NP][products|NP][product|NP]
text:canned meat stew	sent:0	canned meat stew	[stew|NP][meat|NP][stew meat|NP]
text:canned mussels	sent:0	canned mussels	[mussel|NP][mussels|NP]
text:canned spinach	sent:0	canned spinach	[spinach|NP]
text:cantaloupe (fresh)	sent:0	cantaloupe (fresh)	[fresh|ADJP][cantaloupe|NP]
text:caramel bites	sent:0	caramel bites	[bites|NP][bite|NP][caramel|ADJP]
text:carbonated  water	sent:0	carbonated  water	[carbonated|ADJP][carbonate|ADJP][water|NP][carbonated water|NP]
text:carbonated beverage	sent:0	carbonated beverage	[carbonate|ADJP][carbonated|ADJP][carbonated beverage|NP][beverage|NP]
text:carbonated/sparkling water	sent:0	carbonated/sparkling water	[water|NP]
text:carcasses of veal	sent:0	carcasses of veal	[carcasses|NP][carcass|NP][veal|NP]
text:cardamom seeds	sent:0	cardamom seeds	[seeds|NP][cardamom|ADJP][seed|NP]
text:cardamon seeds	sent:0	cardamon seeds	[seeds|NP][cardamon|ADJP][seed|NP]
text:carps, barbels and other cyprinids	sent:0	carps, barbels and other cyprinids	[barbel|NP][carps|NP][barbels|NP]
text:cashew	sent:0	cashew	[cashew|NP]
text:cattle from which the milk was used to produce raw milk cheese	sent:0	cattle from which the milk was used to produce raw milk cheese	[produce|VP][cheese|NP][use|VP][cattle|NP][used|VP][raw milk cheese|NP][milk|NP][milk cheese|NP][raw|ADJP]
text:cauliflower	sent:0	cauliflower	[cauliflower|NP]
text:cbd oil	sent:0	cbd oil	[oil|NP][cbd|NP]
text:cbd products	sent:0	cbd products	[products|NP][product|NP][cbd|ADJP]
text:cereal bars with chocolate	sent:0	cereal bars with chocolate	[cereal bar|NP][bar|NP][cereal bar|NP][bars|NP][cereal|NP][chocolate|NP][cereal bars|NP][cereal bars|NP]
text:cereal bars	sent:0	cereal bars	[cereal bar|NP][bar|NP][cereal bar|NP][bars|NP][cereal|NP][cereal bars|NP][cereal bars|NP]
text:cereal drink	sent:0	cereal drink	[cereal|NP][drink|NP]
text:cereal	sent:0	cereal	[cereal|NP]
text:cereals and bakery products	sent:0	cereals and bakery products	[product|NP][products|NP][bakery|NP][cereals|NP][cereal|NP]
text:cereals	sent:0	cereals	[cereals|NP][cereal|NP]
text:cheddar cheese	sent:0	cheddar cheese	[cheese|NP][cheddar cheese|NP][cheddar|NP][cheddar cheese|NP]
text:cheese (taleggio capriolo)	sent:0	cheese (taleggio capriolo)	[cheese|NP][taleggio|NP]
text:cheese - made from raw milk	sent:0	cheese - made from raw milk	[cheese|NP][make|VP][made|VP][milk|NP][raw milk|NP][raw|ADJP]
text:cheese - melted	sent:0	cheese - melted	[cheese|NP]
text:cheese burgers	sent:0	cheese burgers	[cheese|NP]
text:cheese dip	sent:0	cheese dip	[cheese|NP][cheese dip|NP][dip|NP][cheese dip|NP]
text:cheese flavoured snacks	sent:0	cheese flavoured snacks	[cheese|NP][flavour|VP][snacks|NP][flavoured|VP][snack|NP]
text:cheese products	sent:0	cheese products	[cheese|NP][products|NP][product|NP]
text:cheese sausages	sent:0	cheese sausages	[sausage|NP][cheese|NP][sausages|NP]
text:cheese spread	sent:0	cheese spread	[spread|NP][cheese spread|NP][cheese spread|NP][cheese|NP]
text:cheese tortilla	sent:0	cheese tortilla	[cheese|NP][tortilla|NP]
text:cheese tray	sent:0	cheese tray	[cheese tray|NP][cheese|NP][cheese tray|NP][tray|NP]
text:cheese	sent:0	cheese	[cheese|NP]
text:cheesy spirals	sent:0	cheesy spirals	[cheesy|ADJP][spiral|NP][spirals|NP]
text:cherries	sent:0	cherries	[cherry|NP][cherries|NP]
text:chia seeds	sent:0	chia seeds	[seeds|NP][chia|ADJP][seed|NP]
text:chicken and chicken preparations	sent:0	chicken and chicken preparations	[preparation|NP][preparations|NP][chicken|NP]
text:chicken based products	sent:0	chicken based products	[base|VP][products|NP][chicken|NP][product|NP][based|VP]
text:chicken breast	sent:0	chicken breast	[breast|NP][chicken|NP][chicken breast|NP][chicken breast|NP]
text:chicken broth	sent:0	chicken broth	[chicken|NP][broth|NP][chicken broth|NP][chicken broth|NP]
text:chicken dippers	sent:0	chicken dippers	[chicken|NP][dipper|NP][dippers|NP]
text:chicken drumsticks	sent:0	chicken drumsticks	[chicken|NP][drumstick|NP][drumsticks|NP]
text:chicken fillets	sent:0	chicken fillets	[chicken fillets|NP][chicken|NP][fillets|NP][fillet|NP][chicken fillet|NP][chicken fillet|NP][chicken fillets|NP]
text:chicken meat meal	sent:0	chicken meat meal	[meal|NP][meat|NP][chicken|NP]
text:chicken meat products	sent:0	chicken meat products	[chicken|ADJP][products|NP][meat|NP][product|NP]
text:chicken noodle soup	sent:0	chicken noodle soup	[chicken noodle soup|NP][soup|NP][chicken|NP][noodle soup|NP][noodle|ADJP]
text:chicken pie	sent:0	chicken pie	[chicken|NP][pie|NP]
text:chicken preparations	sent:0	chicken preparations	[chicken|NP][preparation|NP][preparations|NP]
text:chicken products - frozen	sent:0	chicken products - frozen	[products|NP][chicken|NP][frozen|NP][product|NP]
text:chicken slices	sent:0	chicken slices	[chicken|NP][slice|NP][slices|NP]
text:chicken steak without bone	sent:0	chicken steak without bone	[steak|NP][bone|NP][chicken|NP]
text:chicken	sent:0	chicken	[chicken|NP]
text:chickpeas	sent:0	chickpeas	[chickpeas|NP]
text:chilled beef preparations	sent:0	chilled beef preparations	[preparations|NP][chilled|ADJP][chill|ADJP][beef|NP][preparation|NP]
text:chilled beef	sent:0	chilled beef	[chill|ADJP][beef|NP][chilled|ADJP][chilled beef|NP]
text:chilled bengali cod curry	sent:0	chilled bengali cod curry	[bengali|NP][cod|NP][curry|VP][chill|VP][chilled|VP]
text:chilled boneless pork meat	sent:0	chilled boneless pork meat	[meat|NP][pork meat|NP][chill|VP][boneless|ADJP][pork|NP][chilled|VP]
text:chilled chicken parts	sent:0	chilled chicken parts	[chicken|NP][parts|NP][part|NP][chilled|ADJP][chill|ADJP]
text:chilled chicken thighs	sent:0	chilled chicken thighs	[chill|ADJP][chicken|NP][chilled|ADJP][thighs|NP]
text:chilled chicken wings	sent:0	chilled chicken wings	[chicken|NP][wing|NP][chilled|ADJP][chicken wings|NP][wings|NP][chill|ADJP][chicken wing|NP]
text:chilled chicken	sent:0	chilled chicken	[chill|ADJP][chicken|NP][chilled|ADJP]
text:chilled dumplings with meat	sent:0	chilled dumplings with meat	[dumpling|NP][dumplings|NP][chill|VP][meat|NP][chilled|VP]
text:chilled lasagne	sent:0	chilled lasagne	[chill|ADJP][chilled|ADJP][lasagne|NP]
text:chilled pork ribs	sent:0	chilled pork ribs	[ribs|NP][chilled|ADJP][pork|NP][chill|ADJP][pork ribs|NP]
text:chilled pork sausages	sent:0	chilled pork sausages	[sausages|NP][sausage|NP][chilled|ADJP][pork|NP][chill|ADJP]
text:chilled pork	sent:0	chilled pork	[chill|ADJP][chilled|ADJP][pork|NP]
text:chilled ready to eat salad and side dishes	sent:0	chilled ready to eat salad and side dishes	[side|NP][salad|NP][eat|VP][chill|VP][dishes|NP][dish|NP][side dish|NP][ready|ADJP][chilled|VP][side dishes|NP]
text:chilled salads	sent:0	chilled salads	[chill|ADJP][salad|NP][chilled|ADJP][salads|NP]
text:chilled smoked ham	sent:0	chilled smoked ham	[ham|NP][smoked ham|NP][smoke ham|NP][smoke|ADJP][chill|VP][smoked|ADJP][chilled|VP]
text:chilled vacuum packed beef	sent:0	chilled vacuum packed beef	[beef|NP][pack|VP][vacuum|NP][chilled|ADJP][chill|ADJP][packed|VP]
text:chilli oil	sent:0	chilli oil	[chilli|ADJP][oil|NP]
text:chilli paste	sent:0	chilli paste	[paste|NP][chilli|NP]
text:chilli peppers	sent:0	chilli peppers	[pepper|NP][chilli pepper|NP][chilli peppers|NP][peppers|NP][chilli|ADJP]
text:chilli pickle	sent:0	chilli pickle	[chilli|ADJP][pickle|NP]
text:chilli powder	sent:0	chilli powder	[chilli|ADJP][powder|NP]
text:chilli sauce	sent:0	chilli sauce	[chilli|ADJP][sauce|NP]
text:chilli	sent:0	chilli	[chilli|NP]
text:chillies	sent:0	chillies	[chillies|NP][chilli|NP]
text:chocolate and chocolate products	sent:0	chocolate and chocolate products	[chocolate|NP][products|NP][product|NP]
text:chocolate and hazelnut spread	sent:0	chocolate and hazelnut spread	[hazelnut|NP][chocolate|NP][spread|NP]
text:chocolate and products therefor	sent:0	chocolate and products therefor	[products|NP][chocolate|NP][therefor|NP][product|NP]
text:chocolate and strawberry flavoured cyclone milk	sent:0	chocolate and strawberry flavoured cyclone milk	[flavour|ADJP][cyclone|NP][chocolate|NP][flavoured|ADJP][milk|NP][strawberry|ADJP]
text:chocolate bars	sent:0	chocolate bars	[chocolate bars|NP][bar|NP][bars|NP][chocolate bar|NP][chocolate bar|NP][chocolate|NP][chocolate bars|NP]
text:chocolate chips	sent:0	chocolate chips	[chocolate chips|NP][chips|NP][chocolate chip|NP][chocolate chips|NP][chip|NP][chocolate chip|NP][chocolate|NP]
text:chocolate confectionery	sent:0	chocolate confectionery	[chocolate|NP][confectionery|NP]
text:chocolate dessert	sent:0	chocolate dessert	[chocolate|NP][chocolate dessert|NP][dessert|NP][chocolate dessert|NP]
text:chocolate drink powder	sent:0	chocolate drink powder	[chocolate|NP][drink|VP][powder|NP]
text:chocolate drinks	sent:0	chocolate drinks	[chocolate|NP][drinks|NP][drink|NP]
text:chocolate easter eggs with filling	sent:0	chocolate easter eggs with filling	[eggs easter|NP][easter egg|NP][egg|NP][easter eggs|NP][easter|NP][chocolate|NP][easter eggs|NP][easter egg|NP][eggs|NP][eggs easter|NP]
text:chocolate eggs	sent:0	chocolate eggs	[chocolate egg|NP][egg|NP][chocolate eggs|NP][eggs|NP][chocolate|NP][chocolate egg|NP][chocolate eggs|NP]
text:chocolate flavoured cereals	sent:0	chocolate flavoured cereals	[flavour|VP][cereal|NP][chocolate|NP][cereals|NP][flavoured|VP]
text:chocolate flavoured meringues	sent:0	chocolate flavoured meringues	[flavour|VP][meringue|NP][chocolate|NP][flavoured|VP][meringues|NP]
text:chocolate mini muffins	sent:0	chocolate mini muffins	[chocolate|NP][mini|NP][muffin|VP][muffins|VP]
text:chocolate mousse	sent:0	chocolate mousse	[chocolate|NP][mousse|NP][chocolate mousse|NP][chocolate mousse|NP]
text:chocolate products	sent:0	chocolate products	[chocolate|NP][products|NP][product|NP]
text:chocolate spelt balls	sent:0	chocolate spelt balls	[chocolate|ADJP][balls|NP][ball's|NP][ball|NP]
text:chocolate spread with hazelnuts	sent:0	chocolate spread with hazelnuts	[spread|VP][chocolate|NP][hazelnuts|NP]
text:chocolate spread	sent:0	chocolate spread	[chocolate|NP][spread|NP][chocolate spread|NP][chocolate spread|NP]
text:chocolate truffles	sent:0	chocolate truffles	[chocolate truffle|NP][chocolate truffles|NP][chocolate truffle|NP][chocolate|NP][chocolate truffles|NP][truffle|NP][truffles|NP]
text:chocolate wafers	sent:0	chocolate wafers	[chocolate|NP][wafer|NP][wafers|NP]
text:chocolate	sent:0	chocolate	[chocolate|NP]
text:chocolates	sent:0	chocolates	[chocolate|NP][chocolates|NP]
text:chorizo sausage	sent:0	chorizo sausage	[chorizo|ADJP][sausage|NP]
text:chorizo	sent:0	chorizo	[chorizo|NP]
text:cider	sent:0	cider	[cider|NP]
text:cinnamon rolls	sent:0	cinnamon rolls	[cinnamon roll|NP][cinnamon rolls|NP][cinnamon|NP][cinnamon rolls|NP][cinnamon roll|NP][roll|NP][rolls|NP]
text:cinnamon	sent:0	cinnamon	[cinnamon|NP]
text:clams (canned)	sent:0	clams (canned)	[clam|NP][clams|NP]
text:clams	sent:0	clams	[clam|NP][clams|NP]
text:cocktail sausage rolls	sent:0	cocktail sausage rolls	[cocktail sausage|NP][rolls|VP][cocktail|NP][roll|VP][cocktail sausage|NP][sausage|NP]
text:coconut drink	sent:0	coconut drink	[coconut|ADJP][drink|NP]
text:coconut juice	sent:0	coconut juice	[coconut|ADJP][juice|NP][coconut juice|NP]
text:coconut milk drink	sent:0	coconut milk drink	[drink milk|NP][milk drink|NP][coconut|VP][milk drink|NP][drink|NP][milk|NP][drink milk|NP]
text:coconut milk	sent:0	coconut milk	[coconut|ADJP][milk|NP][coconut milk|NP]
text:coconut oil	sent:0	coconut oil	[coconut|ADJP][coconut oil|NP][oil|NP]
text:coconut sugar	sent:0	coconut sugar	[coconut|ADJP][sugar|NP]
text:coconuts	sent:0	coconuts	[coconuts|NP][coconut|NP]
text:cod fillets	sent:0	cod fillets	[cod|ADJP][fillets|NP][fillet|NP]
text:cod	sent:0	cod	[cod|NP]
text:coffee beans	sent:0	coffee beans	[coffee beans|NP][coffee bean|NP][beans|NP][coffee|NP][bean|NP][coffee bean|NP][coffee beans|NP]
text:coffee drink	sent:0	coffee drink	[drink coffee|NP][coffee drink|NP][coffee|NP][drink coffee|NP][coffee drink|NP][drink|NP]
text:cola drink	sent:0	cola drink	[drink|NP][cola|NP]
text:colours	sent:0	colours	[colour|NP][colours|NP]
text:concentrated apples	sent:0	concentrated apples	[concentrated|ADJP][apples|NP][apple|NP]
text:confectionery for decoration	sent:0	confectionery for decoration	[decoration|NP]
text:cooked chicken skewer	sent:0	cooked chicken skewer	[chicken|NP][cook|VP][cooked|VP][skewer|NP]
text:cooked chicken	sent:0	cooked chicken	[cooked|ADJP][cooked chicken|NP][chicken|NP][cook|ADJP]
text:cooked ham	sent:0	cooked ham	[cooked ham|NP][ham|NP][cook|ADJP][cooked|ADJP][cook ham|NP]
text:cooked meat products	sent:0	cooked meat products	[product|NP][cook|VP][products|NP][cooked|VP][meat|NP]
text:cooked sausages	sent:0	cooked sausages	[cooked|ADJP][cook|ADJP][sausage|NP][sausages|NP]
text:cooking sauce	sent:0	cooking sauce	[sauce|NP][cooking|ADJP]
text:coriander	sent:0	coriander	[coriander|NP]
text:corn	sent:0	corn	[corn|NP]
text:cottage cheese	sent:0	cottage cheese	[cottage cheese|NP][cheese|NP][cottage|NP][cottage cheese|NP]
text:cottage pie	sent:0	cottage pie	[cottage pie|NP][pie|NP][cottage pie|NP][cottage|NP]
text:courgettes	sent:0	courgettes	[courgettes|NP]
text:cow milk cheese	sent:0	cow milk cheese	[cow|NP][cheese|NP][milk cheese|NP][milk|NP][milk cheese|NP]
text:crabs	sent:0	crabs	[crabs|NP]
text:crackers	sent:0	crackers	[crackers|NP][cracker|NP]
text:cranberry jam	sent:0	cranberry jam	[cranberry|NP][jam|NP]
text:cranberry juice	sent:0	cranberry juice	[juice|NP][cranberry|NP][cranberry juice|NP][cranberry juice|NP]
text:cream cheese	sent:0	cream cheese	[cream cheese|NP][cream|NP][cream cheese|NP][cheese|NP]
text:cream chocolate pie	sent:0	cream chocolate pie	[cream|NP][chocolate pie|NP][pie|NP][chocolate pie|NP][chocolate|NP]
text:crepe mix	sent:0	crepe mix	[mix|NP][crepe|ADJP]
text:crisp cheese snack	sent:0	crisp cheese snack	[snack|NP][cheese|NP][crisp|ADJP]
text:crispbread	sent:0	crispbread	[crispbread|ADJP]
text:crisps	sent:0	crisps	[crisps|NP]
text:croissants	sent:0	croissants	[croissant|NP][croissants|NP]
text:crushed red pepper	sent:0	crushed red pepper	[crush|VP][red pepper|NP][red|ADJP][crushed|VP][pepper|NP]
text:crustaceans and products thereof	sent:0	crustaceans and products thereof	[crustaceans|NP][products|NP][product|NP]
text:cultivated fungi	sent:0	cultivated fungi	[cultivated|ADJP][cultivate|ADJP][fungi|NP]
text:cumin powder	sent:0	cumin powder	[cumin|NP][powder|NP]
text:cupcakes	sent:0	cupcakes	[cupcake|NP][cupcakes|NP]
text:curd cheese	sent:0	curd cheese	[curd|ADJP][curd cheese|NP][cheese|NP]
text:cured loin	sent:0	cured loin	[cured|ADJP][loin|NP][cure|ADJP]
text:cured pork meat	sent:0	cured pork meat	[cure|VP][pork meat|NP][meat|NP][pork|NP][cured|VP][pork meat|NP]
text:cured smoked ham	sent:0	cured smoked ham	[ham|NP][smoked ham|NP][cure|VP][smoke ham|NP][smoke|ADJP][cured|VP][smoked|ADJP]
text:curry paste	sent:0	curry paste	[curry paste|VP][paste|VP][curry|VP]
text:curry sauces	sent:0	curry sauces	[sauce|NP][sauces|NP][curry|VP]
text:curry	sent:0	curry	[curry|VP]
text:custard	sent:0	custard	[custard|ADJP]
text:cuttlefish	sent:0	cuttlefish	[cuttlefish|VP]
text:dark chocolate coated almonds	sent:0	dark chocolate coated almonds	[dark chocolate|NP][almonds|NP][almond|NP][coated|ADJP][dark|ADJP][chocolate|NP][coat|ADJP]
text:dark chocolates	sent:0	dark chocolates	[chocolate|NP][dark chocolate|NP][dark|ADJP][dark chocolates|NP][chocolates|NP]
text:dates	sent:0	dates	[date|NP][dates|NP]
text:deboned chicken thighs	sent:0	deboned chicken thighs	[chicken|NP][deboned|ADJP][debone|ADJP][thighs|NP]
text:desserts	sent:0	desserts	[dessert|NP][desserts|NP]
text:diced beef	sent:0	diced beef	[beef|NP][diced|ADJP]
text:dietary capsules	sent:0	dietary capsules	[capsules|NP][dietary|ADJP][capsule|NP]
text:dietary supplement	sent:0	dietary supplement	[dietary|ADJP][supplement|NP][dietary supplement|NP]
text:dietetic foods, food supplements, fortified foods	sent:0	dietetic foods, food supplements, fortified foods	[fortified foods|VP][food supplement|NP][food supplements|NP][supplements|NP][food supplement|NP][dietetic|ADJP][fortified|VP][foods|NP][food supplements|NP][supplement|NP][food|NP]
text:dipping sauce	sent:0	dipping sauce	[dip|ADJP][dipping sauce|NP][dipping|ADJP][sauce|NP][dip sauce|NP]
text:donuts	sent:0	donuts	[donut|NP][donuts|NP]
text:dressing sauces	sent:0	dressing sauces	[sauce|NP][sauces|NP]
text:dried almonds	sent:0	dried almonds	[dried|ADJP][almonds|NP][almond|NP][dry|ADJP]
text:dried anchovies	sent:0	dried anchovies	[dried|ADJP][anchovy|NP][anchovies|NP][dry|ADJP]
text:dried apples	sent:0	dried apples	[dried|ADJP][apples|NP][apple|NP][dry|ADJP]
text:dried apricots	sent:0	dried apricots	[dried|ADJP][apricot|NP][apricots|NP][dry|ADJP]
text:dried beans	sent:0	dried beans	[dried|ADJP][beans|NP][bean|NP][dry|ADJP]
text:dried beef meat	sent:0	dried beef meat	[meat|NP][dried|VP][dry|VP]
text:dried brown beans	sent:0	dried brown beans	[beans|NP][bean|NP][brown|ADJP][dry|VP][dried|VP]
text:dried chilli peppers	sent:0	dried chilli peppers	[pepper|NP][chilli pepper|NP][chilli|NP][chilli pepper|NP][dry|VP][dried|VP][chilli peppers|NP][peppers|NP][chilli peppers|NP]
text:dried coconut	sent:0	dried coconut	[coconut|NP][dried|VP][dry|VP]
text:dried cranberries	sent:0	dried cranberries	[dried|ADJP][cranberries|NP][cranberry|NP][dry|ADJP]
text:dried elder berries	sent:0	dried elder berries	[dry|VP][berry|NP][berries|NP][dried|VP]
text:dried figs	sent:0	dried figs	[dried figs|NP][figs|NP][fig|NP][dry|ADJP][dried|ADJP]
text:dried fruit in jars	sent:0	dried fruit in jars	[jar|NP][dry|VP][jars|NP][dried|VP][fruit|NP]
text:dried fruit mix	sent:0	dried fruit mix	[mix|NP][dried|VP][dry|VP]
text:dried fruits with chocolate	sent:0	dried fruits with chocolate	[dry|VP][chocolate|NP][dried|VP][fruits|NP][fruit|NP]
text:dried fruits	sent:0	dried fruits	[fruits|NP][dry fruit|NP][dried fruits|NP][dry|ADJP][dried|ADJP][fruit|NP]
text:dried garlic	sent:0	dried garlic	[garlic|NP][dried|VP][dry|VP]
text:dried herb powder ashwagandha (withania somnifera)	sent:0	dried herb powder ashwagandha (withania somnifera)	[ashwagandha|NP][withania|NP][dry|VP][dried|VP][powder|NP][herb|NP]
text:dried lilies	sent:0	dried lilies	[dried|ADJP][lily|NP][lilies|NP][dry|ADJP]
text:dried mushrooms	sent:0	dried mushrooms	[dried|ADJP][mushroom|NP][mushrooms|NP][dry|ADJP]
text:dried pangash	sent:0	dried pangash	[dried|VP][dry|VP]
text:dried plums	sent:0	dried plums	[plum|NP][plums|NP][dry|ADJP][dried|ADJP][dried plums|NP]
text:dried pork sausages	sent:0	dried pork sausages	[sausages|NP][dry|VP][sausage|NP][pork|NP][dried|VP]
text:dried sausage	sent:0	dried sausage	[dried sausage|NP][sausage|NP][dried sausage|NP]
text:dried shitake mushrooms (lentinula edodes)	sent:0	dried shitake mushrooms (lentinula edodes)	[lentinula edodes|NP][mushroom|NP][mushrooms|NP][shitake|ADJP][lentinula edodes|NP][dry|VP][dried|VP]
text:dried shrimp noodles	sent:0	dried shrimp noodles	[noodle|NP][shrimp|NP][dry|VP][dried|VP][noodles|NP]
text:dried strawberries	sent:0	dried strawberries	[dried|ADJP][strawberry|NP][strawberries|NP][dry|ADJP]
text:drink powder	sent:0	drink powder	[drink|VP][powder|NP]
text:drinking chocolate powder	sent:0	drinking chocolate powder	[chocolate|NP][drinking|VP][powder|NP]
text:dry ham	sent:0	dry ham	[ham|NP][dry|ADJP]
text:dry sausage	sent:0	dry sausage	[sausage|NP][dry|ADJP]
text:duck	sent:0	duck	[duck|NP]
text:dumplings	sent:0	dumplings	[dumpling|NP][dumplings|NP]
text:edam cheese	sent:0	edam cheese	[edam cheese|NP][edam cheese|NP][edam|NP][cheese|NP]
text:egg products	sent:0	egg products	[product|NP][products|NP][egg products|NP][egg|NP][egg products|NP]
text:egg rolls	sent:0	egg rolls	[egg rolls|NP][egg roll|NP][egg rolls|NP][egg roll|NP][egg|NP][roll|NP][rolls|NP]
text:egg salad with ham	sent:0	egg salad with ham	[salad|NP][ham|NP][egg salad|NP][egg salad|NP][egg|NP]
text:eggplants	sent:0	eggplants	[eggplant|NP][eggplants|NP]
text:eggs and egg products	sent:0	eggs and egg products	[eggs|NP][product|NP][products|NP][egg products|NP][egg|NP][egg|NP][egg products|NP]
text:eggs	sent:0	eggs	[egg|NP][eggs|NP]
text:emulsifiers, stabilizers, thickeners and gelling agents	sent:0	emulsifiers, stabilizers, thickeners and gelling agents	[thickener|NP][stabilizer|NP][stabilizers|NP][emulsifier|NP][agent|NP][emulsifiers|NP][agents|NP][thickeners|NP][gelling agents|NP]
text:energy and protein bars	sent:0	energy and protein bars	[protein bars|NP][energy|NP][bar|NP][protein bars|NP][bars|NP][protein|NP]
text:energy drink	sent:0	energy drink	[drink|NP][energy drink|NP][energy|NP][energy drink|NP]
text:fajita meal	sent:0	fajita meal	[fajita|NP][meal|NP]
text:fats and oils	sent:0	fats and oils	[fat|NP][fats and oils|NP][fats|NP][oil|NP][oils|NP]
text:feed materials	sent:0	feed materials	[material|NP][materials|NP]
text:fennel seeds	sent:0	fennel seeds	[seeds|NP][fennel|NP][seed|NP]
text:fermented beef meat	sent:0	fermented beef meat	[beef|NP][meat|NP][fermented|VP][ferment|VP]
text:fermented milk product	sent:0	fermented milk product	[milk product|NP][ferment|VP][milk product|NP][fermented|VP][milk|NP][product|NP]
text:feta cheese	sent:0	feta cheese	[feta|NP][feta cheese|NP][cheese|NP][feta cheese|NP]
text:filled chocolate	sent:0	filled chocolate	[filled chocolate|VP][chocolate|NP][fill|VP][filled|VP]
text:fish and fish products	sent:0	fish and fish products	[products|NP][fish|NP][product|NP]
text:fish products	sent:0	fish products	[fish|NP][products|NP][product|NP]
text:fish roe	sent:0	fish roe	[fish roe|NP][fish roe|NP][roe|NP][fish|NP]
text:fish sauce	sent:0	fish sauce	[sauce|NP][fish|NP][fish sauce|NP][fish sauce|NP]
text:flavoured drinks	sent:0	flavoured drinks	[flavoured|ADJP][drinks|NP][flavour|ADJP][drink|NP]
text:flavoured fresh and creamy cheese spread	sent:0	flavoured fresh and creamy cheese spread	[spread|NP][flavour|VP][cheese|NP][flavoured|VP][fresh|ADJP][creamy|ADJP][cheese spread|NP]
text:flavoured milk	sent:0	flavoured milk	[flavoured|ADJP][milk|NP][flavour|ADJP]
text:flavoured potato chips	sent:0	flavoured potato chips	[flavour|ADJP][chips|NP][potato chips|NP][chip|NP][potato|NP][flavoured|ADJP][potato chip|NP]
text:flavoured soft drink	sent:0	flavoured soft drink	[flavour|VP][soft drink|NP][soft|ADJP][drink|NP][flavoured|VP]
text:flavoured whey protein preparations	sent:0	flavoured whey protein preparations	[preparations|NP][flavour|ADJP][protein|NP][whey|NP][flavoured|ADJP][preparation|NP]
text:flavours	sent:0	flavours	[flavours|NP]
text:flaxseed	sent:0	flaxseed	[flaxseed|ADJP]
text:flounders, halibuts, soles	sent:0	flounders, halibuts, soles	[soles|VP][halibuts|NP][flounders|NP][flounder|NP]
text:flour	sent:0	flour	[flour|NP]
text:foie gras	sent:0	foie gras	[foie|ADJP]
text:food supplement	sent:0	food supplement	[food|NP][food supplement|NP][food supplement|NP][supplement|NP]
text:french beans / green beans	sent:0	french beans / green beans	[green beans|NP][green bean|NP][beans|NP][bean|NP][french|ADJP][french beans|NP][green|ADJP]
text:french toast	sent:0	french toast	[french toast|NP][toast|NP][french|ADJP]
text:fresh apples	sent:0	fresh apples	[apples|NP][apple|NP][fresh|ADJP]
text:fresh beef meat	sent:0	fresh beef meat	[beef|NP][meat|NP][fresh|ADJP]
text:fresh beef	sent:0	fresh beef	[beef|NP][fresh|ADJP]
text:fresh broccoli	sent:0	fresh broccoli	[broccoli|NP][fresh|ADJP]
text:fresh cheese	sent:0	fresh cheese	[cheese|NP][fresh cheese|NP][fresh|ADJP]
text:fresh cut vegetables	sent:0	fresh cut vegetables	[cut|NP][cut vegetables|NP][vegetables|NP][fresh|ADJP][vegetable|NP]
text:fresh dough	sent:0	fresh dough	[dough|NP][fresh|ADJP]
text:fresh goat cheese	sent:0	fresh goat cheese	[cheese|NP][goat|NP][goat cheese|NP][fresh|ADJP]
text:fresh lychees	sent:0	fresh lychees	[lychee|NP][lychees|NP][fresh|ADJP]
text:fresh mushrooms	sent:0	fresh mushrooms	[mushroom|NP][mushrooms|NP][fresh|ADJP]
text:fresh parsley	sent:0	fresh parsley	[parsley|NP][fresh|ADJP]
text:fresh pork leg	sent:0	fresh pork leg	[pork|NP][leg|NP][fresh|ADJP]
text:fresh pork loin	sent:0	fresh pork loin	[pork loin|NP][loin|NP][pork|NP][fresh|ADJP]
text:fresh pork	sent:0	fresh pork	[pork|NP][fresh|ADJP]
text:fresh poultry and poultry prepations	sent:0	fresh poultry and poultry prepations	[poultry|ADJP][fresh|ADJP]
text:fresh processed beef meat products	sent:0	fresh processed beef meat products	[process|ADJP][beef|VP][product|NP][products|NP][meat|NP][fresh|ADJP][processed|ADJP]
text:fresh vegetables	sent:0	fresh vegetables	[vegetables|NP][fresh|ADJP][vegetable|NP][fresh vegetables|NP][fresh vegetable|NP]
text:frozen beef lasagne	sent:0	frozen beef lasagne	[beef|NP][lasagne|NP][frozen|ADJP]
text:frozen beef patties	sent:0	frozen beef patties	[patties|NP][beef|NP][patty|NP][frozen|ADJP]
text:frozen beef products	sent:0	frozen beef products	[product|NP][beef products|NP][products|NP][frozen|ADJP][beef|NP]
text:frozen beef tongue	sent:0	frozen beef tongue	[tongue|NP][beef|NP][beef tongue|NP][frozen|ADJP]
text:frozen beef trimmings	sent:0	frozen beef trimmings	[beef|NP][trimmings|NP][frozen|ADJP]
text:frozen beef	sent:0	frozen beef	[beef|NP][frozen|ADJP]
text:frozen berries mix	sent:0	frozen berries mix	[mix|NP][berry|NP][berries|NP][frozen|ADJP]
text:frozen boneless beef	sent:0	frozen boneless beef	[beef|NP][frozen|ADJP]
text:frozen bourbon ribs	sent:0	frozen bourbon ribs	[bourbon|NP][frozen|ADJP][ribs|NP]
text:frozen breaded turkey	sent:0	frozen breaded turkey	[turkey|NP][frozen|VP]
text:frozen broccoli	sent:0	frozen broccoli	[broccoli|NP][frozen|ADJP]
text:frozen burger buns	sent:0	frozen burger buns	[burger|NP][bun|NP][frozen|ADJP][buns|NP]
text:frozen burgers	sent:0	frozen burgers	[frozen|ADJP]
text:frozen chicken strips with tendons	sent:0	frozen chicken strips with tendons	[tendons|NP][strips|NP][chicken strips|NP][chicken|NP][strip|NP][frozen|ADJP][tendon|NP]
text:frozen chicken wings	sent:0	frozen chicken wings	[chicken|NP][wing|NP][wings|NP][chicken wings|NP][frozen|ADJP][chicken wing|NP]
text:frozen chicken	sent:0	frozen chicken	[chicken|NP][frozen|ADJP]
text:frozen cod fillets	sent:0	frozen cod fillets	[cod|NP][fillets|NP][frozen|ADJP][fillet|NP]
text:frozen cooked lobster meat	sent:0	frozen cooked lobster meat	[cook|VP][cooked|VP][meat|NP][frozen|ADJP][lobster meat|NP]
text:frozen diced chicken roast	sent:0	frozen diced chicken roast	[chicken|NP][roast|NP][frozen|ADJP]
text:frozen dumplings with pork	sent:0	frozen dumplings with pork	[pork|NP][dumplings|NP][frozen|ADJP][dumpling|NP]
text:frozen fish burgers	sent:0	frozen fish burgers	[fish|NP][frozen|ADJP]
text:frozen fish fillets	sent:0	frozen fish fillets	[fish|NP][fillets|NP][frozen|ADJP][fillet|NP]
text:frozen fish products	sent:0	frozen fish products	[fish|NP][products|NP][frozen|ADJP][product|NP]
text:frozen fried rice	sent:0	frozen fried rice	[fry|ADJP][rice|NP][fried|ADJP][frozen|ADJP]
text:frozen grated coconut	sent:0	frozen grated coconut	[coconut|ADJP][frozen|ADJP][grate|ADJP][grated|ADJP]
text:frozen green beans	sent:0	frozen green beans	[beans|NP][bean|NP][green|NP][green beans|NP][green bean|NP][frozen|ADJP]
text:frozen hamburgers	sent:0	frozen hamburgers	[hamburgers|NP][hamburger|NP][frozen|ADJP]
text:frozen hash browns	sent:0	frozen hash browns	[browns|NP][hash browns|NP][frozen|ADJP][hash|NP]
text:frozen leek	sent:0	frozen leek	[leek|NP][frozen|ADJP]
text:frozen lobster	sent:0	frozen lobster	[lobster|NP][frozen|ADJP]
text:frozen marinated beef	sent:0	frozen marinated beef	[marinated|ADJP][beef|NP][frozen|ADJP]
text:frozen marinated chicken	sent:0	frozen marinated chicken	[marinated|ADJP][chicken|NP][frozen|ADJP]
text:frozen pancakes	sent:0	frozen pancakes	[frozen pancakes|NP][pancakes|NP][frozen|ADJP][pancake|NP]
text:frozen peas	sent:0	frozen peas	[frozen peas|NP][peas|NP][pea|NP][frozen|ADJP]
text:frozen peppers	sent:0	frozen peppers	[peppers|NP][pepper|NP][frozen|ADJP]
text:frozen pie	sent:0	frozen pie	[pie|NP][frozen|ADJP]
text:frozen pizza	sent:0	frozen pizza	[frozen pizza|NP][pizza|NP][frozen|ADJP]
text:frozen pork meat	sent:0	frozen pork meat	[meat|NP][pork meat|NP][pork|NP][frozen|ADJP]
text:frozen pork preparations	sent:0	frozen pork preparations	[preparation|NP][preparations|NP][pork|NP][frozen|ADJP]
text:frozen pork ribs	sent:0	frozen pork ribs	[pork ribs|NP][pork|NP][frozen|ADJP][ribs|NP]
text:frozen pork trimmings	sent:0	frozen pork trimmings	[trimmings|NP][pork|NP][frozen|ADJP]
text:frozen potatoes	sent:0	frozen potatoes	[potatoes|NP][frozen|ADJP][potato|NP]
text:frozen poultry meat	sent:0	frozen poultry meat	[poultry meat|NP][meat|NP][frozen|ADJP][poultry|NP]
text:frozen poultry preparations	sent:0	frozen poultry preparations	[preparation|NP][preparations|NP][frozen|ADJP][poultry|NP]
text:frozen poultry products	sent:0	frozen poultry products	[products|NP][product|NP][frozen|ADJP][poultry|NP]
text:frozen poultry	sent:0	frozen poultry	[frozen|ADJP][poultry|NP]
text:frozen prepared dish of chicken tikka masala with pilau rice	sent:0	frozen prepared dish of chicken tikka masala with pilau rice	[masala|NP][tikka|NP][rice|NP][prepared|ADJP][chicken|NP][frozen|ADJP][dish|NP][pilau|ADJP][prepare|ADJP]
text:frozen raw ground beef	sent:0	frozen raw ground beef	[beef|NP][frozen|VP][raw|ADJP]
text:frozen ready to cook chicken	sent:0	frozen ready to cook chicken	[chicken|NP][frozen|ADJP][ready|ADJP][cook|VP][cook chicken|VP]
text:frozen ready to eat products	sent:0	frozen ready to eat products	[products|NP][eat|VP][product|NP][frozen|ADJP][ready|ADJP]
text:frozen sausage rolls	sent:0	frozen sausage rolls	[sausage rolls|NP][roll|NP][frozen|ADJP][sausage roll|NP][rolls|NP][sausage|NP]
text:frozen sausages	sent:0	frozen sausages	[sausage|NP][sausages|NP][frozen|ADJP]
text:frozen seafood	sent:0	frozen seafood	[seafood|NP][frozen|ADJP]
text:frozen seasoned potato wedges	sent:0	frozen seasoned potato wedges	[wedge|NP][potato|NP][frozen|ADJP][wedges|NP]
text:frozen sliced coconut	sent:0	frozen sliced coconut	[slice|ADJP][frozen|ADJP][sliced|ADJP][coconut|ADJP]
text:frozen spicy chicken wings	sent:0	frozen spicy chicken wings	[spicy|NP][chicken|NP][wing|NP][frozen|ADJP][wings|NP]
text:frozen spinach	sent:0	frozen spinach	[spinach|NP][frozen|ADJP]
text:frozen spring rolls	sent:0	frozen spring rolls	[spring roll|NP][spring rolls|NP][roll|NP][frozen|ADJP][spring|NP][rolls|NP]
text:frozen strawberry	sent:0	frozen strawberry	[strawberry|NP][frozen|ADJP]
text:frozen vegetables mix	sent:0	frozen vegetables mix	[vegetables|NP][vegetable|NP][frozen|ADJP][mix|NP][frozen vegetables|NP]
text:frozen vegetables	sent:0	frozen vegetables	[vegetables|NP][frozen vegetables|NP][vegetable|NP][frozen|ADJP]
text:frozen vegetarian cutlet	sent:0	frozen vegetarian cutlet	[vegetarian|NP][cutlet|NP][frozen|ADJP]
text:frozen whole fish	sent:0	frozen whole fish	[whole|ADJP][fish|NP][frozen|ADJP]
text:fruit bars	sent:0	fruit bars	[fruit|NP][bar|NP][bars|NP]
text:fruit juice smoothie	sent:0	fruit juice smoothie	[fruit|NP][juice|NP][fruit juice|NP][fruit juice|NP][smoothie|VP]
text:fruit juice	sent:0	fruit juice	[fruit|NP][fruit juice|NP][juice|NP][fruit juice|NP]
text:fruit mix	sent:0	fruit mix	[fruit|NP][mix|NP]
text:fruit pies	sent:0	fruit pies	[fruit|NP][pies|NP][pie|NP]
text:fruit punch	sent:0	fruit punch	[fruit|NP][fruit punch|NP][punch|NP][fruit punch|NP]
text:fruit salad with cantaloupe	sent:0	fruit salad with cantaloupe	[fruit|NP][salad|NP][fruit salad|NP][cantaloupe|NP][fruit salad|NP]
text:fruit salad	sent:0	fruit salad	[fruit|NP][fruit salad|NP][salad|NP][fruit salad|NP]
text:fruit snacks	sent:0	fruit snacks	[fruit|NP][snack|NP][snacks|NP]
text:fruits and vegetables	sent:0	fruits and vegetables	[fruits|NP][vegetables and fruits|NP][fruits and vegetables|NP][vegetables|NP][vegetable|NP][fruit|NP]
text:garlic pickle	sent:0	garlic pickle	[pickle|NP][garlic|ADJP][garlic pickle|NP]
text:garlic powder	sent:0	garlic powder	[garlic|ADJP][powder|NP]
text:garlic sausage	sent:0	garlic sausage	[garlic sausage|NP][garlic|ADJP][sausage|NP]
text:ginger powder	sent:0	ginger powder	[ginger|NP][powder|NP]
text:ginger slices	sent:0	ginger slices	[slices|NP][slice|NP][ginger|NP]
text:gingerbread	sent:0	gingerbread	[gingerbread|ADJP]
text:ginseng powder	sent:0	ginseng powder	[ginseng|NP][powder|NP]
text:gluten free bread	sent:0	gluten free bread	[free|ADJP][bread|NP][gluten|VP]
text:gnocchi	sent:0	gnocchi	[gnocchi|NP]
text:goat cheese made from raw milk	sent:0	goat cheese made from raw milk	[make|VP][made from|VP][cheese|NP][goat|NP][made|VP][goat cheese|NP][milk|NP][raw milk|NP][goat cheese|NP][raw|ADJP]
text:goat cheese	sent:0	goat cheese	[goat cheese|NP][cheese|NP][goat|NP][goat cheese|NP]
text:goat meat	sent:0	goat meat	[goat meat|NP][goat|NP][meat|NP][goat meat|NP]
text:goat milk	sent:0	goat milk	[goat|NP][milk|NP][milk goat|NP][milk goat|NP]
text:goji berries	sent:0	goji berries	[berry|NP][berries|NP][goji|ADJP][goji berries|NP]
text:golden enoki mushrooms	sent:0	golden enoki mushrooms	[enoki mushrooms|NP][mushroom|NP][mushrooms|NP][enoki|NP][golden|ADJP]
text:golden raisins/sultanas	sent:0	golden raisins/sultanas	[golden|ADJP]
text:gorgonzola cheese	sent:0	gorgonzola cheese	[cheese|NP][gorgonzola|NP]
text:gouda cheese	sent:0	gouda cheese	[gouda cheese|NP][gouda|NP][gouda cheese|NP][cheese|NP]
text:gouda	sent:0	gouda	[gouda|NP]
text:granola	sent:0	granola	[granola|NP]
text:grapes	sent:0	grapes	[grapes|NP][grape|NP]
text:grated cheese mixture	sent:0	grated cheese mixture	[grate|VP][cheese|NP][mixture|NP][grated|VP]
text:grated cheese	sent:0	grated cheese	[grated cheese|NP][cheese|NP][grate|ADJP][grated|ADJP]
text:grated coconut	sent:0	grated coconut	[coconut|NP][grate|ADJP][grated|ADJP]
text:gravy granules	sent:0	gravy granules	[granules|NP][gravy|NP]
text:gravy mix	sent:0	gravy mix	[mix|NP][gravy|NP]
text:green basil pesto	sent:0	green basil pesto	[pesto|NP][basil|ADJP][green|ADJP]
text:green bean	sent:0	green bean	[green|ADJP][green bean|NP][bean|NP]
text:green pesto basil sauce	sent:0	green pesto basil sauce	[pesto|NP][basil|NP][green|ADJP][sauce|NP]
text:green pesto	sent:0	green pesto	[pesto|NP][green|ADJP]
text:green raisins	sent:0	green raisins	[raisin|NP][green|ADJP][raisins|NP]
text:green tea	sent:0	green tea	[tea green|NP][green tea|NP][tea|NP][green|ADJP]
text:grilled seasoned chicken plate	sent:0	grilled seasoned chicken plate	[seasoned|ADJP][chicken|NP][grilled|ADJP][season|ADJP][grill|ADJP][plate|NP]
text:grissini breadsticks	sent:0	grissini breadsticks	[grissini|ADJP]
text:ground almonds	sent:0	ground almonds	[almonds|NP][almond|NP]
text:ground beef meat	sent:0	ground beef meat	[beef|NP][meat|NP][ground|VP]
text:ground beef	sent:0	ground beef	[beef|NP]
text:ground black pepper	sent:0	ground black pepper	[black|ADJP][black pepper|NP][pepper|NP][ground|VP]
text:ground hot pepper	sent:0	ground hot pepper	[hot pepper|NP][pepper|NP][hot|ADJP][ground|VP]
text:ground turmeric	sent:0	ground turmeric	[turmeric|NP]
text:guacamole	sent:0	guacamole	[guacamole|NP]
text:halloumi cheese	sent:0	halloumi cheese	[halloumi|ADJP][cheese|NP]
text:halva	sent:0	halva	[halva|NP]
text:ham slices	sent:0	ham slices	[slices|NP][ham|NP][slice|NP]
text:ham	sent:0	ham	[ham|NP]
text:hard cheese	sent:0	hard cheese	[hard cheese|NP][cheese|NP][hard|ADJP]
text:hazelnuts	sent:0	hazelnuts	[hazelnuts|NP]
text:hemp oil	sent:0	hemp oil	[oil|NP][hemp|NP]
text:hemp protein powder	sent:0	hemp protein powder	[protein|NP][powder|NP][hemp|VP]
text:hemp tea	sent:0	hemp tea	[tea|NP][hemp|NP]
text:herbal premix	sent:0	herbal premix	[herbal|ADJP][premix|NP]
text:herbal tea	sent:0	herbal tea	[herbal|ADJP][herbal tea|NP][tea|NP]
text:herbs	sent:0	herbs	[herbs|NP]
text:herring	sent:0	herring	[herring|NP][herre|NP]
text:high protein bars	sent:0	high protein bars	[bar|NP][protein bars|NP][bars|NP][high|ADJP][protein|NP]
text:honey	sent:0	honey	[honey|NP]
text:honeycomb	sent:0	honeycomb	[honeycomb|NP]
text:horseradish in jars	sent:0	horseradish in jars	[horseradish|VP][jars|NP][jar|NP]
text:horses	sent:0	horses	[horses|NP][horse|NP]
text:hot chicken wings	sent:0	hot chicken wings	[chicken|NP][hot|ADJP][wing|NP][chicken wings|NP][wings|NP][chicken wing|NP]
text:hot chilli and hot chilli products	sent:0	hot chilli and hot chilli products	[chilli|NP][products|NP][hot|ADJP][product|NP]
text:hot dog sausages	sent:0	hot dog sausages	[sausage|NP][dog|NP][hot|ADJP][sausages|NP]
text:hot dogs	sent:0	hot dogs	[hot dog|NP][hot|ADJP][dog|NP][dog's|NP][hot dogs|NP][dogs|NP]
text:ice cream	sent:0	ice cream	[ice cream|NP][ice|NP][ice cream|NP][cream|NP]
text:ice sticks	sent:0	ice sticks	[stick|VP][ice|NP][sticks|VP]
text:iced tea	sent:0	iced tea	[iced tea|NP][tea|NP][iced|ADJP]
text:ices and desserts	sent:0	ices and desserts	[desserts|NP][dessert|NP][ices|NP][ice|NP]
text:indian curry	sent:0	indian curry	[indian|NP][indian curry|NP][curry|NP][indian curry|NP]
text:infant formula	sent:0	infant formula	[formula|NP][infant|ADJP][infant formula|NP]
text:instant cereal	sent:0	instant cereal	[cereal|NP][instant|ADJP]
text:instant coffee	sent:0	instant coffee	[coffee|NP][instant coffee|NP][instant|ADJP]
text:instant drink/drinking powder	sent:0	instant drink/drinking powder	[powder|NP][instant|ADJP]
text:instant noodles	sent:0	instant noodles	[instant noodle|NP][noodle|NP][instant|ADJP][instant noodles|NP][noodles|NP]
text:jam	sent:0	jam	[jam|NP]
text:jellies	sent:0	jellies	[jellies|NP]
text:jerky products	sent:0	jerky products	[products|NP][product|NP][jerky|ADJP]
text:juice drink	sent:0	juice drink	[drink juice|VP][drink|VP][juice|NP][juice drink|VP]
text:juices	sent:0	juices	[juice|NP][juices|NP]
text:kale	sent:0	kale	[kale|NP]
text:ketchup	sent:0	ketchup	[ketchup|NP]
text:lamb	sent:0	lamb	[lamb|NP]
text:lasagne	sent:0	lasagne	[lasagne|NP]
text:lemon juice	sent:0	lemon juice	[juice|NP][lemon|ADJP][lemon juice|NP]
text:lemonade (lemon soda)	sent:0	lemonade (lemon soda)	[lemonade|NP][lemon|ADJP][lemon soda|NP][soda|NP]
text:lemons	sent:0	lemons	[lemon|NP][lemons|NP]
text:lentils stew	sent:0	lentils stew	[lentil|ADJP][lentils|ADJP][stew|NP]
text:lentils	sent:0	lentils	[lentils|NP][lentil|NP]
text:lettuce	sent:0	lettuce	[lettuce|NP]
text:lime	sent:0	lime	[lime|NP]
text:limes	sent:0	limes	[lime|NP][limes|NP]
text:liquid egg white	sent:0	liquid egg white	[liquid|ADJP][white|NP][egg|NP][egg white|NP]
text:liquid food supplement	sent:0	liquid food supplement	[food|NP][liquid|ADJP][food supplement|NP][supplement|NP]
text:liquorice	sent:0	liquorice	[liquorice|NP]
text:lobster	sent:0	lobster	[lobster|NP]
text:lollipops	sent:0	lollipops	[lollipop|NP][lollipops|NP]
text:long grain rice	sent:0	long grain rice	[rice|NP][grain|NP][grain rice|NP][grain rice|NP][rice grain|NP][rice grain|NP]
text:loose smoked whole chickens	sent:0	loose smoked whole chickens	[whole|NP][chickens|NP][chicken|NP][loose|ADJP]
text:luncheon meat	sent:0	luncheon meat	[luncheon meat|NP][luncheon|NP][meat|NP][luncheon meat|NP]
text:lupin seeds	sent:0	lupin seeds	[seeds|NP][lupin|ADJP][seed|NP]
text:macadamia nuts	sent:0	macadamia nuts	[nuts|NP][macadamia|ADJP][macadamia nuts|NP]
text:mackerel	sent:0	mackerel	[mackerel|NP]
text:maize	sent:0	maize	[maize|NP]
text:mango	sent:0	mango	[mango|NP]
text:margarine	sent:0	margarine	[margarine|NP]
text:marinated chicken meat	sent:0	marinated chicken meat	[chicken meat|NP][chicken|NP][meat|NP][chicken meat|NP][marinated|VP]
text:marzipan	sent:0	marzipan	[marzipan|NP]
text:masala spice mix	sent:0	masala spice mix	[masala|ADJP][mix|NP][spice|NP]
text:mashed chickpeas (hummus)	sent:0	mashed chickpeas (hummus)	[chickpeas|NP][mashed|ADJP][mash|ADJP]
text:massala spice mixture	sent:0	massala spice mixture	[spice|NP][mixture|NP]
text:mayonnaise	sent:0	mayonnaise	[mayonnaise|NP]
text:meal replacement	sent:0	meal replacement	[meal|NP][replacement|NP]
text:meat and meat products (other than poultry)	sent:0	meat and meat products (other than poultry)	[poultry|NP][products|NP][meat|NP][product|NP]
text:meat broth	sent:0	meat broth	[meat broth|NP][broth|NP][meat broth|NP][meat|NP]
text:meat loaf	sent:0	meat loaf	[meat|NP][meat loaf|NP][meat loaf|NP][loaf|NP]
text:meat preparations	sent:0	meat preparations	[preparation|NP][preparations|NP][meat|NP]
text:meat samosas, vegetable samosas, chicken samosas and meat spring rolls	sent:0	meat samosas, vegetable samosas, chicken samosas and meat spring rolls	[vegetable|NP][chicken|NP][meat|NP][roll|NP][spring|NP][rolls|NP]
text:meat, egg and dairy products	sent:0	meat, egg and dairy products	[product|NP][products|NP][dairy product|NP][meat|NP][egg|NP][dairy products|NP][dairy|NP]
text:meatloaf	sent:0	meatloaf	[meatloaf|NP]
text:mechanically separated chicken meat	sent:0	mechanically separated chicken meat	[chicken|ADJP][separated|ADJP][separate|ADJP][meat|NP]
text:melon seeds	sent:0	melon seeds	[melon|ADJP][seed|NP][melon seed|NP][seeds|NP][melon seeds|NP]
text:melons	sent:0	melons	[melon|NP][melons|NP]
text:milk and milk products	sent:0	milk and milk products	[products|NP][milk|VP][product|NP]
text:milk chocolate covered raisins	sent:0	milk chocolate covered raisins	[milk chocolate|NP][chocolate milk|NP][raisins|NP][cover|VP][milk chocolate|NP][chocolate milk|NP][chocolate|NP][milk|NP][raisin|NP][covered|VP]
text:milk chocolates	sent:0	milk chocolates	[milk chocolate|NP][chocolate|NP][milk chocolates|NP][milk|NP][milk chocolate|NP][milk chocolates|NP][chocolates|NP]
text:milk drink	sent:0	milk drink	[drink milk|NP][milk drink|NP][milk drink|NP][drink|NP][milk|NP][drink milk|NP]
text:milk powder	sent:0	milk powder	[milk powder|NP][milk|NP][powder|NP][milk powder|NP]
text:milk products	sent:0	milk products	[milk|NP][products|NP][product|NP]
text:milk proteins	sent:0	milk proteins	[proteins|NP][protein|NP][milk|NP]
text:milk	sent:0	milk	[milk|NP]
text:millet porridge	sent:0	millet porridge	[millet|ADJP][porridge|NP]
text:millet	sent:0	millet	[millet|NP]
text:minced beef meat	sent:0	minced beef meat	[mince|VP][beef|NP][minced|VP][meat|NP]
text:minced beef	sent:0	minced beef	[minced|ADJP][beef|NP][minced beef|NP][mince|ADJP]
text:minced chicken	sent:0	minced chicken	[minced|ADJP][chicken|NP][mince|ADJP]
text:minced pork	sent:0	minced pork	[minced|ADJP][minced pork|NP][pork|NP][mince|ADJP]
text:mineral water	sent:0	mineral water	[mineral water|NP][mineral|NP][mineral water|NP][water|NP]
text:mineral waters	sent:0	mineral waters	[mineral waters|NP][waters|NP][water|NP][mineral|NP][mineral waters|NP]
text:mint chocolate	sent:0	mint chocolate	[mint|NP][chocolate mint|NP][chocolate mint|NP][chocolate|NP]
text:mitragyna speciosa (kratom)	sent:0	mitragyna speciosa (kratom)	[kratom|NP]
text:mix of nuts	sent:0	mix of nuts	[mix|NP][nuts|NP]
text:mixed nuts	sent:0	mixed nuts	[nuts|NP][mixed|ADJP][mixed nuts|NP]
text:mixed salad	sent:0	mixed salad	[salad|NP][mixed|ADJP]
text:mixed spices	sent:0	mixed spices	[spices|NP][spice|NP][mixed|ADJP]
text:mixed vegetables	sent:0	mixed vegetables	[mixed vegetables|NP][vegetables|NP][vegetable|NP][mixed|ADJP]
text:moussaka	sent:0	moussaka	[moussaka|NP]
text:mozzarella cheese	sent:0	mozzarella cheese	[mozzarella cheese|NP][mozzarella|NP][mozzarella cheese|NP][cheese|NP]
text:mozzarella	sent:0	mozzarella	[mozzarella|NP]
text:muesli	sent:0	muesli	[muesli|NP]
text:muffins	sent:0	muffins	[muffin|NP][muffins|NP]
text:multi vitamin food supplement	sent:0	multi vitamin food supplement	[vitamin|NP][food|NP][supplement|NP][multi|NP]
text:mung bean sprouts	sent:0	mung bean sprouts	[mung|ADJP][bean sprout|NP][sprouts|NP][sprout|NP][bean|NP][bean sprouts|NP]
text:mushrooms	sent:0	mushrooms	[mushrooms|NP][mushroom|NP]
text:mussels	sent:0	mussels	[mussels|NP][mussel|NP]
text:mustard sauce	sent:0	mustard sauce	[mustard|NP][sauce|NP][mustard sauce|NP][mustard sauce|NP]
text:mustard	sent:0	mustard	[mustard|NP]
text:nacho chips	sent:0	nacho chips	[nacho|ADJP][chip|NP][chips|NP]
text:natural honey	sent:0	natural honey	[natural|ADJP][honey|NP]
text:non-alcoholic beer	sent:0	non-alcoholic beer	[beer|NP]
text:non-alcoholic beverages	sent:0	non-alcoholic beverages	[beverages|NP][beverage|NP]
text:noodle soup	sent:0	noodle soup	[soup|NP][noodle|ADJP][noodle soup|NP]
text:noodle	sent:0	noodle	[noodle|NP]
text:noodles	sent:0	noodles	[noodles|NP][noodle|NP]
text:nougat	sent:0	nougat	[nougat|NP]
text:nut and fruit mixture	sent:0	nut and fruit mixture	[fruit|NP][nut|NP][mixture|NP]
text:nut and raisin mix	sent:0	nut and raisin mix	[mix|NP][nut|NP][raisin|NP]
text:nut bars	sent:0	nut bars	[nut|ADJP][bar|NP][bars|NP]
text:nut mix	sent:0	nut mix	[nut|NP][mix|NP]
text:nut mixture	sent:0	nut mixture	[nut|NP][mixture|NP]
text:nut-almond mixture	sent:0	nut-almond mixture	[mixture|NP]
text:nutmeg	sent:0	nutmeg	[nutmeg|NP]
text:nutrition shake	sent:0	nutrition shake	[nutrition|NP][shake|NP]
text:nuts and nuts products	sent:0	nuts and nuts products	[nuts|NP][products|NP][product|NP]
text:nuts mix	sent:0	nuts mix	[mix|NP][nuts|ADJP]
text:nuts, nut products and seeds	sent:0	nuts, nut products and seeds	[seed|NP][product|NP][nut|NP][products|NP][nuts|NP][seeds|NP]
text:nuts	sent:0	nuts	[nuts|NP]
text:oats	sent:0	oats	[oats|NP]
text:olive oil	sent:0	olive oil	[olive oil|NP][oil|NP][olive|ADJP]
text:olives	sent:0	olives	[olives|NP]
text:onions	sent:0	onions	[onion|NP][onions|NP]
text:orange juice	sent:0	orange juice	[orange juice|NP][juice|NP][orange|ADJP]
text:orange peppers	sent:0	orange peppers	[peppers|NP][pepper|NP][orange|ADJP]
text:orange sugar paste	sent:0	orange sugar paste	[sugar|NP][sugar paste|NP][paste|NP][orange|ADJP]
text:oregano	sent:0	oregano	[oregano|NP]
text:organic chilled hummus	sent:0	organic chilled hummus	[organic|ADJP]
text:organic chlorella powder	sent:0	organic chlorella powder	[powder|NP][chlorella|NP][organic|ADJP]
text:organic coconut flour	sent:0	organic coconut flour	[coconut|NP][organic|ADJP][flour|NP]
text:organic coconut oil	sent:0	organic coconut oil	[coconut|NP][oil|NP][organic|ADJP][coconut oil|NP]
text:organic dates	sent:0	organic dates	[dates|NP][organic|ADJP][date|NP]
text:organic figs	sent:0	organic figs	[figs|NP][fig|NP][organic|ADJP]
text:organic tea	sent:0	organic tea	[tea|NP][organic|ADJP]
text:organic tofu	sent:0	organic tofu	[tofu|NP][organic|ADJP]
text:other dairy products	sent:0	other dairy products	[product|NP][products|NP][dairy product|NP][dairy products|NP][dairy|NP]
text:other food product / mixed	sent:0	other food product / mixed	[food|NP][product|NP][food product|NP][mixed|VP]
text:other fruit and vegetable juice products	sent:0	other fruit and vegetable juice products	[fruit|NP][product|NP][juice|NP][vegetable|NP][products|NP]
text:other not classified meat products	sent:0	other not classified meat products	[products|NP][meat|NP][product|NP]
text:other types of meat	sent:0	other types of meat	[meat|NP][type|NP][types|NP]
text:other water-based drinks	sent:0	other water-based drinks	[drinks|NP][drink|NP]
text:oyster sauce	sent:0	oyster sauce	[oyster sauce|NP][oyster|NP][sauce|NP][oyster sauce|NP]
text:oysters	sent:0	oysters	[oyster|NP][oysters|NP]
text:paella	sent:0	paella	[paella|NP]
text:palm oil	sent:0	palm oil	[palm|VP][oil palm|VP][oil|NP][palm oil|VP]
text:pancakes	sent:0	pancakes	[pancake|NP][pancakes|NP]
text:papaya	sent:0	papaya	[papaya|NP]
text:paprika	sent:0	paprika	[paprika|NP]
text:parmesan cheese grated	sent:0	parmesan cheese grated	[grated|VP][parmesan|NP][parmesan cheese|NP][cheese|NP][parmesan cheese|NP][grate|VP]
text:parmesan cheese	sent:0	parmesan cheese	[parmesan|NP][parmesan cheese|NP][cheese|NP][parmesan cheese|NP]
text:parsnip	sent:0	parsnip	[parsnip|NP]
text:pasta products	sent:0	pasta products	[products|NP][product|NP][pasta|NP]
text:pasta salad	sent:0	pasta salad	[pasta salad|NP][salad|NP][pasta salad|NP][pasta|NP]
text:pasta sauce	sent:0	pasta sauce	[pasta sauce|NP][sauce|NP][pasta sauce|NP][pasta|NP]
text:pasta	sent:0	pasta	[pasta|NP]
text:pasteurized cow milk cheese	sent:0	pasteurized cow milk cheese	[cow|NP][pasteurize|ADJP][pasteurized|ADJP][cheese|NP][milk|NP]
text:pasteurized milk	sent:0	pasteurized milk	[pasteurized milk|NP][pasteurized|ADJP][pasteurize|ADJP][milk|NP]
text:pastry products	sent:0	pastry products	[pastry|NP][products|NP][product|NP]
text:pastry tartlets	sent:0	pastry tartlets	[pastry|NP][tartlet|NP][tartlets|NP]
text:pastry	sent:0	pastry	[pastry|NP]
text:pea shoots	sent:0	pea shoots	[pea|NP][pea shoots|NP][shoots|NP][pea shoots|NP][shoot|NP]
text:peaches	sent:0	peaches	[peaches|NP][peach|NP]
text:peanuts	sent:0	peanuts	[peanuts|NP][peanut|NP]
text:pear juice	sent:0	pear juice	[juice|NP][pear juice|NP][pear|NP][pear juice|NP]
text:pears	sent:0	pears	[pears|NP][pear|NP]
text:peas	sent:0	peas	[peas|NP][pea|NP]
text:pecorino cheese	sent:0	pecorino cheese	[pecorino cheese|NP][cheese|NP][pecorino|ADJP]
text:peppermint	sent:0	peppermint	[peppermint|NP]
text:pepperoni	sent:0	pepperoni	[pepperoni|NP]
text:peppers	sent:0	peppers	[pepper|NP][peppers|NP]
text:pesto sauce (pesto verde)	sent:0	pesto sauce (pesto verde)	[pesto sauce|NP][pesto|NP][pesto sauce|NP][sauce|NP][verde|NP]
text:pesto	sent:0	pesto	[pesto|NP]
text:pet feed	sent:0	pet feed	[pet|ADJP]
text:pickled beetroot	sent:0	pickled beetroot	[pickled|ADJP][pickle|ADJP][beetroot|NP]
text:pickled cucumber	sent:0	pickled cucumber	[pickled|ADJP][pickled cucumber|NP][cucumber|NP][pickle|ADJP]
text:pickled figs, cherries, pears and walnuts	sent:0	pickled figs, cherries, pears and walnuts	[walnut|NP][cherries|NP][pear|NP][pickle|ADJP][walnuts|NP][figs|NP][fig|NP][pears|NP][pickled|ADJP][cherry|NP]
text:pickled gherkins in glass jar	sent:0	pickled gherkins in glass jar	[pickle|ADJP][gherkins|NP][gherkin|NP][pickled|ADJP][jar|NP]
text:pickled ginger	sent:0	pickled ginger	[pickled|ADJP][pickled ginger|NP][ginger|NP][pickle|ADJP]
text:pickled grape leaves	sent:0	pickled grape leaves	[grape leaves|NP][pickle|ADJP][leave|NP][grape|NP][leaves|NP][pickled|ADJP]
text:pickled peppers	sent:0	pickled peppers	[peppers|NP][pepper|NP][pickled|ADJP][pickle|ADJP]
text:pickled radish	sent:0	pickled radish	[radish|NP][pickled|ADJP][pickle|ADJP]
text:pig meat - pork	sent:0	pig meat - pork	[pig meat|NP][pig|NP][pork|NP][meat|NP][pig meat|NP]
text:pine nuts	sent:0	pine nuts	[nuts|NP][pine nuts|NP][pine|ADJP]
text:pistachio nuts	sent:0	pistachio nuts	[nuts|NP][pistachio|ADJP][pistachio nuts|NP]
text:pizza	sent:0	pizza	[pizza|NP]
text:plastics	sent:0	plastics	[plastics|NP][plastic|NP]
text:plum bread &amp  butter pudding	sent:0	plum bread &amp  butter pudding	[butter|NP][pudding|NP][plum|NP][amp|NP][bread|NP]
text:plums	sent:0	plums	[plums|NP][plum|NP]
text:pomegranate	sent:0	pomegranate	[pomegranate|NP]
text:pop corn	sent:0	pop corn	[corn|NP][pop corn|VP][pop|VP]
text:porcine lard	sent:0	porcine lard	[porcine|ADJP][lard|NP]
text:pork and beef sausages	sent:0	pork and beef sausages	[sausage|NP][beef|NP][pork|NP][sausages|NP]
text:pork belly	sent:0	pork belly	[pork belly|NP][pork belly|NP][belly|NP][pork|NP]
text:pork carcass(es)	sent:0	pork carcass(es)	[es|NP][e's|NP][pork|NP]
text:pork fillets	sent:0	pork fillets	[fillets|NP][pork|NP][fillet|NP]
text:pork loins - frozen	sent:0	pork loins - frozen	[pork loins|NP][frozen|NP][loins|NP][pork loins|NP][pork|NP][pork loin|NP][pork loin|NP]
text:pork meat	sent:0	pork meat	[meat|NP][pork meat|NP][pork|NP][pork meat|NP]
text:pork pie	sent:0	pork pie	[pork pie|NP][pork pie|NP][pie|NP][pork|NP]
text:pork preparation	sent:0	pork preparation	[preparation|NP][pork|NP]
text:pork sausage	sent:0	pork sausage	[pork sausage|NP][pork|NP][sausage|NP][pork sausage|NP]
text:pork shoulder - fresh	sent:0	pork shoulder - fresh	[fresh|NP][pork shoulder|NP][shoulder|NP][pork|NP][pork shoulder|NP]
text:pork shoulder	sent:0	pork shoulder	[pork shoulder|NP][shoulder|NP][pork|NP][pork shoulder|NP]
text:potato chips	sent:0	potato chips	[potato chips|NP][chips|NP][potato chips|NP][chip|NP][potato chip|NP][potato|NP][potato chip|NP]
text:potato croquettes	sent:0	potato croquettes	[potato|NP][croquette|NP][croquettes|NP]
text:potato salad	sent:0	potato salad	[potato salad|NP][potato|NP][salad|NP][potato salad|NP]
text:potatoes	sent:0	potatoes	[potatoes|NP][potato|NP]
text:poultry meat and poultry meat products	sent:0	poultry meat and poultry meat products	[poultry meat|NP][product|NP][products|NP][meat|NP][poultry|NP][poultry meat|NP]
text:poultry meat	sent:0	poultry meat	[poultry meat|NP][poultry meat|NP][meat|NP][poultry|NP]
text:poultry	sent:0	poultry	[poultry|NP]
text:powder seasoning	sent:0	powder seasoning	[powder|NP]
text:prawn crackers	sent:0	prawn crackers	[prawn|ADJP][prawn cracker|NP][prawn crackers|NP][cracker|NP][crackers|NP]
text:prawns	sent:0	prawns	[prawns|NP][prawn|NP]
text:prebaked apple pies	sent:0	prebaked apple pies	[pie|NP][apple pie|NP][pies|NP][apple|NP][prebaked|ADJP][apple pies|NP]
text:precooked cooked beef meat products	sent:0	precooked cooked beef meat products	[cook|ADJP][product|NP][cooked|ADJP][products|NP][meat|NP][beef|NP]
text:prepacked salad	sent:0	prepacked salad	[salad|NP][prepacked|ADJP]
text:prepared dish containing prawns	sent:0	prepared dish containing prawns	[prawn|NP][prepared|ADJP][dish|NP][prawns|NP][prepare|ADJP]
text:prepared dish with chicken	sent:0	prepared dish with chicken	[dish|NP][prepare|VP][prepared|VP][chicken|NP]
text:prepared dish	sent:0	prepared dish	[prepared|ADJP][dish|NP][prepare|ADJP]
text:prepared dishes and snacks	sent:0	prepared dishes and snacks	[prepared|VP][snacks|NP][dishes|NP][dish|NP][prepare|VP][snack|NP]
text:prepared dishes	sent:0	prepared dishes	[prepared|ADJP][dishes|NP][dish|NP][prepare|ADJP]
text:prepared salads	sent:0	prepared salads	[prepared|ADJP][salad|NP][salads|NP][prepare|ADJP]
text:preserved red bean curd	sent:0	preserved red bean curd	[red|ADJP][preserve|VP][preserved|VP][bean curd|NP][bean|NP][curd|NP]
text:pretzel stick	sent:0	pretzel stick	[stick|NP][pretzel|ADJP][pretzel stick|NP]
text:pretzels	sent:0	pretzels	[pretzel|NP][pretzels|NP]
text:probiotic food supplement	sent:0	probiotic food supplement	[food|NP][supplement|NP][probiotic|ADJP][food supplement|NP]
text:prosciutto	sent:0	prosciutto	[prosciutto|NP]
text:protein balls	sent:0	protein balls	[balls|NP][protein|NP][ball|NP][ball's|NP]
text:protein bar	sent:0	protein bar	[bar|NP][protein|NP]
text:protein bars	sent:0	protein bars	[protein bars|NP][bar|NP][protein bars|NP][bars|NP][protein|NP]
text:protein drink	sent:0	protein drink	[drink|NP][protein|NP]
text:protein powder	sent:0	protein powder	[protein|NP][powder|NP]
text:protein supplements	sent:0	protein supplements	[supplements|NP][protein|NP][supplement|NP]
text:pudding	sent:0	pudding	[pudding|NP]
text:puffed rice	sent:0	puffed rice	[puffed|ADJP][rice|NP][puffed rice|NP]
text:pumpkin seeds	sent:0	pumpkin seeds	[seeds|NP][seed|NP][pumpkin|ADJP]
text:pt	sent:0	pt	[pt|NP]
text:quinoa	sent:0	quinoa	[quinoa|NP]
text:quorn preparation	sent:0	quorn preparation	[preparation|NP][quorn|NP]
text:radish	sent:0	radish	[radish|VP]
text:raisins	sent:0	raisins	[raisin|NP][raisins|NP]
text:ramen noodles	sent:0	ramen noodles	[ramen noodles|NP][noodle|NP][ramen|ADJP][raman|ADJP][noodles|NP]
text:raspberries	sent:0	raspberries	[raspberry|NP][raspberries|NP]
text:ravioli	sent:0	ravioli	[ravioli|NP]
text:raw beef meat and raw beef meat preparations	sent:0	raw beef meat and raw beef meat preparations	[preparations|NP][meat|NP][beef|NP][preparation|NP][raw|ADJP]
text:raw beef meat	sent:0	raw beef meat	[beef|NP][meat|NP][raw|ADJP]
text:raw cow's milk cheese	sent:0	raw cow's milk cheese	[cow|NP][cheese|NP][milk|NP][milk cheese|NP][raw|ADJP]
text:raw goat milk cheese	sent:0	raw goat milk cheese	[milk|NP][goat|NP][cheese|NP][raw|ADJP]
text:raw milk cheese reblochon	sent:0	raw milk cheese reblochon	[milk|NP][cheese|NP][reblochon|NP][raw|ADJP]
text:raw milk cheese	sent:0	raw milk cheese	[cheese|NP][raw milk cheese|NP][milk|NP][milk cheese|NP][raw|ADJP]
text:raw milk goat's cheese	sent:0	raw milk goat's cheese	[cheese|NP][goat|NP][milk goat|NP][milk|NP][raw|ADJP]
text:raw milk	sent:0	raw milk	[milk|NP][raw milk|NP][raw|ADJP]
text:raw pork meat and raw pork meat preparations	sent:0	raw pork meat and raw pork meat preparations	[preparations|NP][meat|NP][pork meat|NP][pork|NP][preparation|NP][raw|ADJP]
text:ready cooked sliced chicken tikka breast	sent:0	ready cooked sliced chicken tikka breast	[chicken|NP][breast|NP][cook|VP][cooked|VP][ready|ADJP][tikka|NP]
text:ready to eat - cook meals	sent:0	ready to eat - cook meals	[eat|VP][meal|NP][cook|NP][meals|NP][ready|ADJP]
text:ready to eat meat product	sent:0	ready to eat meat product	[eat|VP][meat|NP][meat product|NP][ready|ADJP][product|NP][meat product|NP]
text:ready-to-eat seafood sticks	sent:0	ready-to-eat seafood sticks	[stick|VP][seafood|NP][sticks|VP]
text:red chili	sent:0	red chili	[red|ADJP][red chili|NP][chili|NP]
text:red chilli	sent:0	red chilli	[red|ADJP][chilli|NP]
text:red pesto	sent:0	red pesto	[pesto|NP][red|ADJP]
text:refreshments	sent:0	refreshments	[refreshment|NP][refreshments|NP]
text:rice balls	sent:0	rice balls	[rice|NP][ball's|NP][rice ball|NP][rice balls|NP][rice balls|NP][balls|NP][rice ball|NP][ball|NP]
text:rice cakes	sent:0	rice cakes	[cake|NP][rice|NP][rice cake|NP][rice cakes|NP][rice cakes|NP][cakes|NP][rice cake|NP]
text:rice cereal for children	sent:0	rice cereal for children	[cereal|NP][rice|NP][child|NP][children|NP]
text:rice crackers	sent:0	rice crackers	[rice|NP][cracker|NP][crackers|NP]
text:rice flakes	sent:0	rice flakes	[flake|NP][rice|NP][flakes|NP]
text:rice flour	sent:0	rice flour	[rice|NP][rice flour|NP][rice flour|NP][flour|NP]
text:rice meal	sent:0	rice meal	[meal|NP][rice|NP]
text:rice noodles	sent:0	rice noodles	[rice|NP][rice noodle|NP][noodle|NP][rice noodles|NP][rice noodle|NP][rice noodles|NP][noodles|NP]
text:rice snack	sent:0	rice snack	[rice|NP][snack|NP]
text:rice sticks	sent:0	rice sticks	[stick|VP][rice|NP][sticks|VP]
text:rice vermicelli	sent:0	rice vermicelli	[rice vermicelli|NP][vermicelli|NP][rice vermicelli|NP][rice|NP]
text:rice	sent:0	rice	[rice|NP]
text:ricotta and spinach tortelloni pasta	sent:0	ricotta and spinach tortelloni pasta	[ricotta|NP][pasta|NP][tortelloni|NP][spinach|NP]
text:ricotta cheese	sent:0	ricotta cheese	[ricotta|NP][cheese|NP]
text:roasted and caramelized peanuts	sent:0	roasted and caramelized peanuts	[peanuts|NP][peanut|NP][roast|ADJP][roasted|ADJP]
text:roasted coffee	sent:0	roasted coffee	[roast|ADJP][coffee|NP][roasted|ADJP]
text:roasted nuts	sent:0	roasted nuts	[nuts|NP][roast|ADJP][roasted|ADJP]
text:rolls	sent:0	rolls	[rolls|NP][roll|NP]
text:rum	sent:0	rum	[rum|NP]
text:saint marcelin cheese	sent:0	saint marcelin cheese	[saint|VP][cheese|NP]
text:salad dressing	sent:0	salad dressing	[salad|NP]
text:salads	sent:0	salads	[salads|NP][salad|NP]
text:salami sausage	sent:0	salami sausage	[salami|ADJP][sausage|NP]
text:salami sticks	sent:0	salami sticks	[stick|VP][salami|NP][sticks|VP]
text:salami	sent:0	salami	[salami|NP]
text:salmon	sent:0	salmon	[salmon|NP]
text:salt	sent:0	salt	[salt|NP]
text:salted anchovies	sent:0	salted anchovies	[anchovies|NP][salt|ADJP][salted|ADJP][anchovy|NP]
text:salted radish	sent:0	salted radish	[radish|NP][salt|ADJP][salted|ADJP]
text:sandwich filling	sent:0	sandwich filling	[sandwich|NP]
text:sandwich spread	sent:0	sandwich spread	[sandwich|NP][sandwich spread|NP][sandwich spread|NP][spread|NP]
text:sandwiches	sent:0	sandwiches	[sandwiches|NP]
text:sardines	sent:0	sardines	[sardines|NP]
text:sauce	sent:0	sauce	[sauce|NP]
text:sauces	sent:0	sauces	[sauce|NP][sauces|NP]
text:sauerkraut meal	sent:0	sauerkraut meal	[meal|NP][sauerkraut|NP]
text:sausage products	sent:0	sausage products	[products|NP][sausage|NP][product|NP]
text:sausage	sent:0	sausage	[sausage|NP]
text:scallops	sent:0	scallops	[scallops|NP][scallop|NP]
text:scones	sent:0	scones	[scones|NP][scone|NP]
text:seafood cocktail	sent:0	seafood cocktail	[seafood|NP][cocktail|NP]
text:seafood products	sent:0	seafood products	[seafood|NP][products|NP][product|NP]
text:seafood	sent:0	seafood	[seafood|NP]
text:seasoned chicken	sent:0	seasoned chicken	[chicken|NP][seasoned|ADJP][season|ADJP]
text:seasoning mix	sent:0	seasoning mix	[mix|NP]
text:seasoning sauce	sent:0	seasoning sauce	[sauce|NP]
text:seasonings	sent:0	seasonings	[seasonings|NP]
text:seaweed preparations	sent:0	seaweed preparations	[preparation|NP][preparations|NP][seaweed|ADJP]
text:seed mixe	sent:0	seed mixe	[mixe|NP][seed|NP]
text:seeds mix	sent:0	seeds mix	[mix|NP][seeds|NP][seed|NP]
text:seeds mixture	sent:0	seeds mixture	[seeds|NP][mixture|NP][seed|NP]
text:semi-hard cheeses	sent:0	semi-hard cheeses	[cheese|NP][cheeses|NP]
text:semi-soft cheese	sent:0	semi-soft cheese	[cheese|NP]
text:semolina and products therefor	sent:0	semolina and products therefor	[semolina|NP][therefor|NP][products|NP][product|NP]
text:sesame confection	sent:0	sesame confection	[confection|NP][sesame|ADJP]
text:sesame oil	sent:0	sesame oil	[oil|NP][sesame oil|NP][sesame|ADJP]
text:sesame paste	sent:0	sesame paste	[sesame paste|NP][paste|NP][sesame|ADJP]
text:sesame seed oil	sent:0	sesame seed oil	[oil|NP][seed oil|NP][seed|NP][seed oil|NP][oil seed|NP][sesame|VP][oil seed|NP]
text:sesame seeds	sent:0	sesame seeds	[seeds|NP][sesame|ADJP][seed|NP]
text:sesame	sent:0	sesame	[sesame|NP]
text:shark	sent:0	shark	[shark|NP]
text:sheep cheese	sent:0	sheep cheese	[sheep cheese|NP][sheep cheese|NP][cheese|NP][sheep|NP]
text:sheep milk cheese	sent:0	sheep milk cheese	[cheese|NP][milk cheese|NP][milk|NP][sheep|NP][milk cheese|NP]
text:shrimp snacks	sent:0	shrimp snacks	[snack|NP][shrimp|ADJP][snacks|NP]
text:shrimps	sent:0	shrimps	[shrimps|NP]
text:sichuan pepper	sent:0	sichuan pepper	[sichuan pepper|NP][sichuan|NP][pepper|NP][sichuan pepper|NP]
text:sliced bread	sent:0	sliced bread	[slice|ADJP][bread|NP][sliced bread|NP][sliced|ADJP]
text:sliced ham	sent:0	sliced ham	[slice|ADJP][sliced|ADJP][ham|NP][sliced ham|NP]
text:smoked sausage	sent:0	smoked sausage	[smoked sausage|NP][smoked|ADJP][smoke|ADJP][sausage|NP]
text:smoothie	sent:0	smoothie	[smoothie|NP]
text:snack crackers	sent:0	snack crackers	[crackers|NP][snack|NP][cracker|NP]
text:snack mix	sent:0	snack mix	[mix|NP][snack|NP]
text:snack mixture	sent:0	snack mixture	[mixture|NP][snack|NP]
text:snacks (various)	sent:0	snacks (various)	[snacks|NP][snack|NP][various|NP]
text:soda drink	sent:0	soda drink	[soda drink|NP][drink soda|NP][drink|NP][soda drink|NP][drink soda|NP][soda|NP]
text:soft cheese (creams)	sent:0	soft cheese (creams)	[cheese|NP][soft cheese|NP][soft|ADJP]
text:soft cheese	sent:0	soft cheese	[cheese|NP][soft cheese|NP][soft|ADJP]
text:soft drinks	sent:0	soft drinks	[soft drink|NP][soft drinks|NP][drinks|NP][soft|ADJP][drink|NP]
text:soft ripened cheese	sent:0	soft ripened cheese	[cheese|NP][ripened|ADJP][ripen|ADJP][soft|ADJP]
text:sorbets	sent:0	sorbets	[sorbet|NP][sorbets|NP]
text:soup	sent:0	soup	[soup|NP]
text:soups, broths, sauces and condiments	sent:0	soups, broths, sauces and condiments	[condiments|NP][condiment|NP][sauces|NP][broths|NP][sauce|NP][broth|NP][soups|NP][soup|NP]
text:soups	sent:0	soups	[soups|NP][soup|NP]
text:soy bean paste	sent:0	soy bean paste	[paste|NP][soy|NP][bean|NP]
text:soy milk product	sent:0	soy milk product	[milk product|NP][milk product|NP][milk|NP][product|NP][soy|VP]
text:soy products	sent:0	soy products	[soy products|NP][product|NP][products|NP][soy|NP][soy products|NP]
text:soy sauce	sent:0	soy sauce	[soy sauce|NP][soy sauce|NP][sauce|NP][soy|NP]
text:soy yoghurt	sent:0	soy yoghurt	[soy|NP][yoghurt|NP]
text:soya and products therefor	sent:0	soya and products therefor	[therefor|NP][products|NP][product|NP][soya|NP]
text:soya drink	sent:0	soya drink	[soya|NP][drink|NP]
text:soya product	sent:0	soya product	[soya|NP][product|NP]
text:soybean	sent:0	soybean	[soybean|NP]
text:spaghetti sauce	sent:0	spaghetti sauce	[spaghetti sauce|NP][sauce|NP][spaghetti|ADJP]
text:sparkling beverages	sent:0	sparkling beverages	[beverages|NP][beverage|NP][sparkling|ADJP][sparkle|ADJP]
text:spice marinade	sent:0	spice marinade	[spice|NP][marinade|NP]
text:spice mix	sent:0	spice mix	[spice|NP][mix|NP]
text:spice mixture	sent:0	spice mixture	[spice|NP][spice mixture|NP][mixture|NP][spice mixture|NP]
text:spices	sent:0	spices	[spices|NP][spice|NP]
text:spicy chicken skewers	sent:0	spicy chicken skewers	[chicken|NP][skewer|NP][skewers|NP][spicy|ADJP]
text:spicy sauce	sent:0	spicy sauce	[sauce|NP][spicy sauce|NP][spicy|ADJP]
text:spicy tofu	sent:0	spicy tofu	[tofu|NP][spicy|ADJP]
text:spicy tomato sauce	sent:0	spicy tomato sauce	[tomato sauce|NP][tomato sauce|NP][tomato|NP][sauce|NP]
text:spinach leaves	sent:0	spinach leaves	[leaves|NP][spinach|ADJP][leave|NP]
text:spinach	sent:0	spinach	[spinach|VP]
text:spirits	sent:0	spirits	[spirit|NP][spirits|NP]
text:sport drink	sent:0	sport drink	[drink|NP][sport|NP]
text:spread	sent:0	spread	[spread|NP]
text:spreads	sent:0	spreads	[spread|NP][spreads|NP]
text:spring rolls	sent:0	spring rolls	[spring roll|NP][spring roll|NP][spring rolls|NP][roll|NP][spring rolls|NP][spring|NP][rolls|NP]
text:spring water	sent:0	spring water	[spring water|NP][water|NP][water spring|NP][spring water|NP][spring|NP][water spring|NP]
text:sprinkle mix	sent:0	sprinkle mix	[mix|NP][sprinkle|ADJP]
text:sprouts	sent:0	sprouts	[sprouts|NP][sprout|NP]
text:squid	sent:0	squid	[squid|ADJP]
text:squids	sent:0	squids	[squid|NP][squids|NP]
text:starch	sent:0	starch	[starch|NP]
text:structured/textured fish meat products or fish paste	sent:0	structured/textured fish meat products or fish paste	[product|NP][products|NP][meat|NP][fish|NP][paste|NP][fish paste|NP]
text:stuffed pastry	sent:0	stuffed pastry	[stuffed|ADJP][pastry|NP][stuff|ADJP]
text:sugar confectionary	sent:0	sugar confectionary	[sugar|NP][confectionary|NP]
text:sugar	sent:0	sugar	[sugar|NP]
text:sultanas	sent:0	sultanas	[sultanas|NP]
text:sunflower oil	sent:0	sunflower oil	[sunflower oil|NP][sunflower|NP][sunflower oil|NP][oil|NP]
text:sunflower seed	sent:0	sunflower seed	[sunflower|NP][sunflower seed|NP][seed|NP][sunflower seed|NP]
text:sushi	sent:0	sushi	[sushi|NP]
text:sweet nut snack	sent:0	sweet nut snack	[nut|NP][sweet|ADJP][snack|NP]
text:sweeteners	sent:0	sweeteners	[sweeteners|NP][sweetener|NP]
text:sweets	sent:0	sweets	[sweet|NP][sweets|NP]
text:swiss rolls	sent:0	swiss rolls	[swiss|ADJP][swiss rolls|NP][roll|NP][swiss roll|NP][rolls|NP]
text:syrup	sent:0	syrup	[syrup|NP]
text:table water and soda water	sent:0	table water and soda water	[water table|NP][table|NP][table water|NP][water|NP][soda water|NP][table water|NP][soda water|NP][water table|NP][water soda|NP][water soda|NP][soda|NP]
text:table water	sent:0	table water	[water table|NP][table|NP][table water|NP][water|NP][table water|NP][water table|NP]
text:taco sauce	sent:0	taco sauce	[taco|ADJP][sauce|NP][taco sauce|NP]
text:tahini (sesame paste)	sent:0	tahini (sesame paste)	[paste|NP][sesame paste|NP][sesame|ADJP][tahini|NP]
text:tahini	sent:0	tahini	[tahini|NP]
text:tallegio (cheese)	sent:0	tallegio (cheese)	[cheese|NP]
text:tapioca chips	sent:0	tapioca chips	[tapioca|ADJP][chip|NP][chips|NP]
text:tarragon	sent:0	tarragon	[tarragon|NP]
text:tasty trio condiment selection	sent:0	tasty trio condiment selection	[selection|NP][trio|ADJP][condiment|ADJP][tasty|ADJP]
text:tea bags	sent:0	tea bags	[tea bags|NP][tea bags|NP][tea bag|NP][tea|NP][bag|NP][tea bag|NP][bags|NP]
text:tea drink	sent:0	tea drink	[drink tea|NP][drink|NP][drink tea|NP][tea|NP]
text:tea	sent:0	tea	[tea|NP]
text:testosterone booster	sent:0	testosterone booster	[booster|NP][testosterone|ADJP]
text:thermal processed beef meat	sent:0	thermal processed beef meat	[process|VP][thermal|NP][meat|NP][processed|VP][beef|NP]
text:thermal processed pork meat	sent:0	thermal processed pork meat	[process|VP][pork meat|NP][thermal|NP][processed|VP][meat|NP][pork|NP][pork meat|NP]
text:thyme	sent:0	thyme	[thyme|NP]
text:tiger nuts	sent:0	tiger nuts	[nuts|NP][tiger nuts|NP][tiger nuts|NP][tiger|NP]
text:tilapia	sent:0	tilapia	[tilapia|NP]
text:toffee	sent:0	toffee	[toffee|NP]
text:tofu	sent:0	tofu	[tofu|NP]
text:tomato sauce	sent:0	tomato sauce	[tomato sauce|NP][tomato sauce|NP][tomato|NP][sauce|NP]
text:tomatoes	sent:0	tomatoes	[tomato|NP][tomatoes|NP]
text:tortilla chips cheese	sent:0	tortilla chips cheese	[cheese|NP][chips|NP][tortilla chip|NP][chip|NP][tortilla|NP][tortilla chips|NP][tortilla chip|NP][tortilla chips|NP]
text:tortilla chips	sent:0	tortilla chips	[tortilla|ADJP][chips|NP][tortilla chip|NP][chip|NP][tortilla chips|NP]
text:tortilla products	sent:0	tortilla products	[products|NP][tortilla|ADJP][product|NP]
text:tortilla	sent:0	tortilla	[tortilla|NP]
text:trouts	sent:0	trouts	[trouts|NP][trout|NP]
text:tuna salad	sent:0	tuna salad	[tuna salad|NP][tuna salad|NP][salad|NP][tuna|NP]
text:tuna	sent:0	tuna	[tuna|NP]
text:turbot flatfish (psetta maxima)	sent:0	turbot flatfish (psetta maxima)	[psetta maxima|NP][psetta|NP][maxima|NP][turbot|ADJP][flatfish|NP][psetta maxima|NP]
text:turkey and turkey preparations	sent:0	turkey and turkey preparations	[preparation|NP][preparations|NP][turkey|NP]
text:turkey based products	sent:0	turkey based products	[base|VP][products|NP][turkey|NP][product|NP][based|VP]
text:turkey sandwich	sent:0	turkey sandwich	[sandwich|NP][turkey|NP]
text:turkey	sent:0	turkey	[turkey|NP]
text:turnip leaves in sunflower seed oil	sent:0	turnip leaves in sunflower seed oil	[turnip|NP][oil|NP][leave|VP][sunflower seed oil|NP][seed|NP][sunflower seed oil|NP][leaves|VP][sunflower|NP]
text:turnips	sent:0	turnips	[turnip|NP][turnips|NP]
text:tzatziki sauce	sent:0	tzatziki sauce	[sauce|NP][tzatziki|ADJP]
text:unpasteurised cheese	sent:0	unpasteurised cheese	[cheese|NP][unpasteurised|ADJP]
text:unsalted organic crunchy peanut butter	sent:0	unsalted organic crunchy peanut butter	[butter|NP][crunchy|NP][peanut|NP][crunchy peanut butter|NP]
text:vacuum packed beef	sent:0	vacuum packed beef	[beef|NP][packed|VP][pack|VP][vacuum|NP]
text:vacuum packed marinated pork	sent:0	vacuum packed marinated pork	[pack|VP][marinated|ADJP][pork|NP][vacuum|NP][packed|VP]
text:vacuum packed pork ear roll	sent:0	vacuum packed pork ear roll	[pack|VP][roll|NP][pork|NP][vacuum|NP][packed|VP][ear|NP]
text:vacuum packed sliced ham	sent:0	vacuum packed sliced ham	[slice|ADJP][ham|NP][sliced ham|NP][pack|VP][sliced|ADJP][vacuum|NP][packed|VP]
text:vanilla drink	sent:0	vanilla drink	[drink|NP][vanilla|NP]
text:vanilla powder	sent:0	vanilla powder	[powder|NP][vanilla|NP]
text:various bakery products	sent:0	various bakery products	[various|ADJP][products|NP][bakery|NP][product|NP]
text:various beef products	sent:0	various beef products	[product|NP][beef products|NP][products|NP][various|ADJP][beef|NP]
text:various cheeses	sent:0	various cheeses	[various|ADJP][cheese|NP][cheeses|NP]
text:various chicken meat products	sent:0	various chicken meat products	[product|NP][chicken|NP][products|NP][meat|NP][various|ADJP]
text:various chilled or frozen pork products	sent:0	various chilled or frozen pork products	[product|NP][products|NP][various|ADJP][pork|NP][frozen|ADJP]
text:various fish products	sent:0	various fish products	[various|ADJP][fish|NP][products|NP][product|NP]
text:various meat products	sent:0	various meat products	[various|ADJP][products|NP][meat|NP][product|NP]
text:various pasta products	sent:0	various pasta products	[various|ADJP][products|NP][product|NP][pasta|NP]
text:various poultry meat	sent:0	various poultry meat	[various|ADJP][poultry meat|NP][meat|NP][poultry|NP]
text:various prepared dishes	sent:0	various prepared dishes	[various|ADJP][dishes|NP][dish|NP]
text:various ready-to-eat meat products	sent:0	various ready-to-eat meat products	[various|ADJP][products|NP][meat|NP][product|NP]
text:various snacks	sent:0	various snacks	[various|ADJP][snacks|NP][snack|NP]
text:various vegetable preparations	sent:0	various vegetable preparations	[various|ADJP][preparations|NP][preparation|NP][vegetable|NP]
text:varnishes and coatings	sent:0	varnishes and coatings	[varnishes|NP][varnish|NP][coatings|NP]
text:veal meat and offals	sent:0	veal meat and offals	[offals|NP][offal|NP][meat|NP][veal|VP]
text:veal meat	sent:0	veal meat	[veal|NP][meat|NP]
text:veal	sent:0	veal	[veal|NP]
text:vegan sausages	sent:0	vegan sausages	[sausage|NP][sausages|NP][vegan|ADJP]
text:vegetable based products	sent:0	vegetable based products	[vegetable|NP][base|VP][products|NP][product|NP][based|VP]
text:vegetable broth	sent:0	vegetable broth	[broth|NP][vegetable|NP]
text:vegetable burger	sent:0	vegetable burger	[burger|NP][vegetable|NP]
text:vegetable cheese	sent:0	vegetable cheese	[cheese|NP][vegetable|NP]
text:vegetable crispbakes	sent:0	vegetable crispbakes	[vegetable|NP]
text:vegetable mix	sent:0	vegetable mix	[mix|NP][vegetable|NP]
text:vegetable preparation	sent:0	vegetable preparation	[preparation|NP][vegetable|NP]
text:vegetable ready to eat meals	sent:0	vegetable ready to eat meals	[vegetable|NP][meals|NP][meal|NP][eat|VP][ready|ADJP]
text:vegetable samosas	sent:0	vegetable samosas	[vegetable|NP]
text:vegetable snack	sent:0	vegetable snack	[snack|NP][vegetable|NP]
text:vegetables	sent:0	vegetables	[vegetable|NP][vegetables|NP]
text:vinegar	sent:0	vinegar	[vinegar|NP]
text:vitamins supplement	sent:0	vitamins supplement	[vitamin|ADJP][supplement|NP][vitamins|ADJP]
text:vitamins	sent:0	vitamins	[vitamin|NP][vitamins|NP]
text:vodka	sent:0	vodka	[vodka|NP]
text:wafers	sent:0	wafers	[wafer|NP][wafers|NP]
text:waffles	sent:0	waffles	[waffle|NP][waffles|NP]
text:walnuts	sent:0	walnuts	[walnuts|NP][walnut|NP]
text:water for human consumption	sent:0	water for human consumption	[consumption|NP][human|ADJP][water|NP]
text:water for infants	sent:0	water for infants	[infants|NP][infant|NP][water|NP]
text:watermelons	sent:0	watermelons	[watermelon|NP][watermelons|NP]
text:weight loss coffee	sent:0	weight loss coffee	[coffee|NP][weight|VP]
text:wheat snack	sent:0	wheat snack	[wheat|NP][snack|NP]
text:wheat	sent:0	wheat	[wheat|NP]
text:whey protein	sent:0	whey protein	[protein|NP][whey|ADJP]
text:whisky	sent:0	whisky	[whisky|NP]
text:white beans	sent:0	white beans	[beans|NP][bean|NP][white|ADJP]
text:white bread flour	sent:0	white bread flour	[bread|NP][bread flour|NP][flour|NP][white|ADJP]
text:white cheese	sent:0	white cheese	[cheese|NP][white cheese|NP][white|ADJP]
text:white chocolate	sent:0	white chocolate	[chocolate|NP][white chocolate|NP][white|ADJP]
text:white lasagna sauce	sent:0	white lasagna sauce	[lasagna|NP][sauce|NP][white|ADJP]
text:white mould cheese	sent:0	white mould cheese	[mould|ADJP][cheese|NP][white|ADJP]
text:white mustard seeds	sent:0	white mustard seeds	[mustard|NP][seeds|NP][seed|NP][white|ADJP]
text:whole chicken	sent:0	whole chicken	[whole|ADJP][chicken|NP]
text:wine	sent:0	wine	[wine|NP]
text:yellow peas	sent:0	yellow peas	[peas|NP][pea|NP][yellow|ADJP]
text:yoghurt	sent:0	yoghurt	[yoghurt|NP]
text:yogurt raisins	sent:0	yogurt raisins	[raisin|NP][yogurt|ADJP][raisins|NP]
